#location_name;cost_type;cost_factor_kg;cost_factor_m3;cost_factor_LDM;cost_factor_LU;cost_factor_m2;cost_factor_AU;cost_factor_price
Supplier_1;$handling;0,0000000000;0,0000000000;0,0000000000;0,0000000000;0,0000000000;0,0000000000;0,0000000000;
Supplier_1;$storage;0,0000000000;0,0000000000;0,0000000000;0,0000000000;0,0000000000;0,0000000000;0,0000000000;
Supplier_2;$handling;0,0000000000;0,0000000000;0,0000000000;0,0000000000;0,0000000000;0,0000000000;0,0000000000;
Supplier_2;$storage;0,0000000000;0,0000000000;0,0000000000;0,0000000000;0,0000000000;0,0000000000;0,0000000000;
Supplier_3;$handling;0,0000000000;0,0000000000;0,0000000000;0,0000000000;0,0000000000;0,0000000000;0,0000000000;
Supplier_3;$storage;0,0000000000;0,0000000000;0,0000000000;0,0000000000;0,0000000000;0,0000000000;0,0000000000;
Supplier_4;$handling;0,0000000000;0,0000000000;0,0000000000;0,0000000000;0,0000000000;0,0000000000;0,0000000000;
Supplier_4;$storage;0,0000000000;0,0000000000;0,0000000000;0,0000000000;0,0000000000;0,0000000000;0,0000000000;
Supplier_5;$handling;0,0000000000;0,0000000000;0,0000000000;0,0000000000;0,0000000000;0,0000000000;0,0000000000;
Supplier_5;$storage;0,0000000000;0,0000000000;0,0000000000;0,0000000000;0,0000000000;0,0000000000;0,0000000000;
Supplier_6;$handling;0,0000000000;0,0000000000;0,0000000000;0,0000000000;0,0000000000;0,0000000000;0,0000000000;
Supplier_6;$storage;0,0000000000;0,0000000000;0,0000000000;0,0000000000;0,0000000000;0,0000000000;0,0000000000;
Supplier_7;$handling;0,0000000000;0,0000000000;0,0000000000;0,0000000000;0,0000000000;0,0000000000;0,0000000000;
Supplier_7;$storage;0,0000000000;0,0000000000;0,0000000000;0,0000000000;0,0000000000;0,0000000000;0,0000000000;
Supplier_8;$handling;0,0000000000;0,0000000000;0,0000000000;0,0000000000;0,0000000000;0,0000000000;0,0000000000;
Supplier_8;$storage;0,0000000000;0,0000000000;0,0000000000;0,0000000000;0,0000000000;0,0000000000;0,0000000000;
Supplier_9;$handling;0,0000000000;0,0000000000;0,0000000000;0,0000000000;0,0000000000;0,0000000000;0,0000000000;
Supplier_9;$storage;0,0000000000;0,0000000000;0,0000000000;0,0000000000;0,0000000000;0,0000000000;0,0000000000;
Supplier_10;$handling;0,0000000000;0,0000000000;0,0000000000;0,0000000000;0,0000000000;0,0000000000;0,0000000000;
Supplier_10;$storage;0,0000000000;0,0000000000;0,0000000000;0,0000000000;0,0000000000;0,0000000000;0,0000000000;
Supplier_11;$handling;0,0000000000;0,0000000000;0,0000000000;0,0000000000;0,0000000000;0,0000000000;0,0000000000;
Supplier_11;$storage;0,0000000000;0,0000000000;0,0000000000;0,0000000000;0,0000000000;0,0000000000;0,0000000000;
Supplier_12;$handling;0,0000000000;0,0000000000;0,0000000000;0,0000000000;0,0000000000;0,0000000000;0,0000000000;
Supplier_12;$storage;0,0000000000;0,0000000000;0,0000000000;0,0000000000;0,0000000000;0,0000000000;0,0000000000;
Supplier_13;$handling;0,0000000000;0,0000000000;0,0000000000;0,0000000000;0,0000000000;0,0000000000;0,0000000000;
Supplier_13;$storage;0,0000000000;0,0000000000;0,0000000000;0,0000000000;0,0000000000;0,0000000000;0,0000000000;
Supplier_14;$handling;0,0000000000;0,0000000000;0,0000000000;0,0000000000;0,0000000000;0,0000000000;0,0000000000;
Supplier_14;$storage;0,0000000000;0,0000000000;0,0000000000;0,0000000000;0,0000000000;0,0000000000;0,0000000000;
Supplier_15;$handling;0,0000000000;0,0000000000;0,0000000000;0,0000000000;0,0000000000;0,0000000000;0,0000000000;
Supplier_15;$storage;0,0000000000;0,0000000000;0,0000000000;0,0000000000;0,0000000000;0,0000000000;0,0000000000;
Supplier_16;$handling;0,0000000000;0,0000000000;0,0000000000;0,0000000000;0,0000000000;0,0000000000;0,0000000000;
Supplier_16;$storage;0,0000000000;0,0000000000;0,0000000000;0,0000000000;0,0000000000;0,0000000000;0,0000000000;
Supplier_17;$handling;0,0000000000;0,0000000000;0,0000000000;0,0000000000;0,0000000000;0,0000000000;0,0000000000;
Supplier_17;$storage;0,0000000000;0,0000000000;0,0000000000;0,0000000000;0,0000000000;0,0000000000;0,0000000000;
Supplier_18;$handling;0,0000000000;0,0000000000;0,0000000000;0,0000000000;0,0000000000;0,0000000000;0,0000000000;
Supplier_18;$storage;0,0000000000;0,0000000000;0,0000000000;0,0000000000;0,0000000000;0,0000000000;0,0000000000;
Supplier_19;$handling;0,0000000000;0,0000000000;0,0000000000;0,0000000000;0,0000000000;0,0000000000;0,0000000000;
Supplier_19;$storage;0,0000000000;0,0000000000;0,0000000000;0,0000000000;0,0000000000;0,0000000000;0,0000000000;
Supplier_20;$handling;0,0000000000;0,0000000000;0,0000000000;0,0000000000;0,0000000000;0,0000000000;0,0000000000;
Supplier_20;$storage;0,0000000000;0,0000000000;0,0000000000;0,0000000000;0,0000000000;0,0000000000;0,0000000000;
Supplier_21;$handling;0,0000000000;0,0000000000;0,0000000000;0,0000000000;0,0000000000;0,0000000000;0,0000000000;
Supplier_21;$storage;0,0000000000;0,0000000000;0,0000000000;0,0000000000;0,0000000000;0,0000000000;0,0000000000;
Supplier_22;$handling;0,0000000000;0,0000000000;0,0000000000;0,0000000000;0,0000000000;0,0000000000;0,0000000000;
Supplier_22;$storage;0,0000000000;0,0000000000;0,0000000000;0,0000000000;0,0000000000;0,0000000000;0,0000000000;
Supplier_23;$handling;0,0000000000;0,0000000000;0,0000000000;0,0000000000;0,0000000000;0,0000000000;0,0000000000;
Supplier_23;$storage;0,0000000000;0,0000000000;0,0000000000;0,0000000000;0,0000000000;0,0000000000;0,0000000000;
Supplier_24;$handling;0,0000000000;0,0000000000;0,0000000000;0,0000000000;0,0000000000;0,0000000000;0,0000000000;
Supplier_24;$storage;0,0000000000;0,0000000000;0,0000000000;0,0000000000;0,0000000000;0,0000000000;0,0000000000;
Supplier_25;$handling;0,0000000000;0,0000000000;0,0000000000;0,0000000000;0,0000000000;0,0000000000;0,0000000000;
Supplier_25;$storage;0,0000000000;0,0000000000;0,0000000000;0,0000000000;0,0000000000;0,0000000000;0,0000000000;
Supplier_26;$handling;0,0000000000;0,0000000000;0,0000000000;0,0000000000;0,0000000000;0,0000000000;0,0000000000;
Supplier_26;$storage;0,0000000000;0,0000000000;0,0000000000;0,0000000000;0,0000000000;0,0000000000;0,0000000000;
Supplier_27;$handling;0,0000000000;0,0000000000;0,0000000000;0,0000000000;0,0000000000;0,0000000000;0,0000000000;
Supplier_27;$storage;0,0000000000;0,0000000000;0,0000000000;0,0000000000;0,0000000000;0,0000000000;0,0000000000;
Supplier_28;$handling;0,0000000000;0,0000000000;0,0000000000;0,0000000000;0,0000000000;0,0000000000;0,0000000000;
Supplier_28;$storage;0,0000000000;0,0000000000;0,0000000000;0,0000000000;0,0000000000;0,0000000000;0,0000000000;
Supplier_29;$handling;0,0000000000;0,0000000000;0,0000000000;0,0000000000;0,0000000000;0,0000000000;0,0000000000;
Supplier_29;$storage;0,0000000000;0,0000000000;0,0000000000;0,0000000000;0,0000000000;0,0000000000;0,0000000000;
Supplier_30;$handling;0,0000000000;0,0000000000;0,0000000000;0,0000000000;0,0000000000;0,0000000000;0,0000000000;
Supplier_30;$storage;0,0000000000;0,0000000000;0,0000000000;0,0000000000;0,0000000000;0,0000000000;0,0000000000;
Supplier_31;$handling;0,0000000000;0,0000000000;0,0000000000;0,0000000000;0,0000000000;0,0000000000;0,0000000000;
Supplier_31;$storage;0,0000000000;0,0000000000;0,0000000000;0,0000000000;0,0000000000;0,0000000000;0,0000000000;
Supplier_32;$handling;0,0000000000;0,0000000000;0,0000000000;0,0000000000;0,0000000000;0,0000000000;0,0000000000;
Supplier_32;$storage;0,0000000000;0,0000000000;0,0000000000;0,0000000000;0,0000000000;0,0000000000;0,0000000000;
Supplier_33;$handling;0,0000000000;0,0000000000;0,0000000000;0,0000000000;0,0000000000;0,0000000000;0,0000000000;
Supplier_33;$storage;0,0000000000;0,0000000000;0,0000000000;0,0000000000;0,0000000000;0,0000000000;0,0000000000;
Supplier_34;$handling;0,0000000000;0,0000000000;0,0000000000;0,0000000000;0,0000000000;0,0000000000;0,0000000000;
Supplier_34;$storage;0,0000000000;0,0000000000;0,0000000000;0,0000000000;0,0000000000;0,0000000000;0,0000000000;
Supplier_35;$handling;0,0000000000;0,0000000000;0,0000000000;0,0000000000;0,0000000000;0,0000000000;0,0000000000;
Supplier_35;$storage;0,0000000000;0,0000000000;0,0000000000;0,0000000000;0,0000000000;0,0000000000;0,0000000000;
Supplier_36;$handling;0,0000000000;0,0000000000;0,0000000000;0,0000000000;0,0000000000;0,0000000000;0,0000000000;
Supplier_36;$storage;0,0000000000;0,0000000000;0,0000000000;0,0000000000;0,0000000000;0,0000000000;0,0000000000;
Supplier_37;$handling;0,0000000000;0,0000000000;0,0000000000;0,0000000000;0,0000000000;0,0000000000;0,0000000000;
Supplier_37;$storage;0,0000000000;0,0000000000;0,0000000000;0,0000000000;0,0000000000;0,0000000000;0,0000000000;
Supplier_38;$handling;0,0000000000;0,0000000000;0,0000000000;0,0000000000;0,0000000000;0,0000000000;0,0000000000;
Supplier_38;$storage;0,0000000000;0,0000000000;0,0000000000;0,0000000000;0,0000000000;0,0000000000;0,0000000000;
Supplier_39;$handling;0,0000000000;0,0000000000;0,0000000000;0,0000000000;0,0000000000;0,0000000000;0,0000000000;
Supplier_39;$storage;0,0000000000;0,0000000000;0,0000000000;0,0000000000;0,0000000000;0,0000000000;0,0000000000;
Supplier_40;$handling;0,0000000000;0,0000000000;0,0000000000;0,0000000000;0,0000000000;0,0000000000;0,0000000000;
Supplier_40;$storage;0,0000000000;0,0000000000;0,0000000000;0,0000000000;0,0000000000;0,0000000000;0,0000000000;
Supplier_41;$handling;0,0000000000;0,0000000000;0,0000000000;0,0000000000;0,0000000000;0,0000000000;0,0000000000;
Supplier_41;$storage;0,0000000000;0,0000000000;0,0000000000;0,0000000000;0,0000000000;0,0000000000;0,0000000000;
Supplier_42;$handling;0,0000000000;0,0000000000;0,0000000000;0,0000000000;0,0000000000;0,0000000000;0,0000000000;
Supplier_42;$storage;0,0000000000;0,0000000000;0,0000000000;0,0000000000;0,0000000000;0,0000000000;0,0000000000;
Supplier_43;$handling;0,0000000000;0,0000000000;0,0000000000;0,0000000000;0,0000000000;0,0000000000;0,0000000000;
Supplier_43;$storage;0,0000000000;0,0000000000;0,0000000000;0,0000000000;0,0000000000;0,0000000000;0,0000000000;
Supplier_44;$handling;0,0000000000;0,0000000000;0,0000000000;0,0000000000;0,0000000000;0,0000000000;0,0000000000;
Supplier_44;$storage;0,0000000000;0,0000000000;0,0000000000;0,0000000000;0,0000000000;0,0000000000;0,0000000000;
Supplier_45;$handling;0,0000000000;0,0000000000;0,0000000000;0,0000000000;0,0000000000;0,0000000000;0,0000000000;
Supplier_45;$storage;0,0000000000;0,0000000000;0,0000000000;0,0000000000;0,0000000000;0,0000000000;0,0000000000;
Supplier_46;$handling;0,0000000000;0,0000000000;0,0000000000;0,0000000000;0,0000000000;0,0000000000;0,0000000000;
Supplier_46;$storage;0,0000000000;0,0000000000;0,0000000000;0,0000000000;0,0000000000;0,0000000000;0,0000000000;
Supplier_47;$handling;0,0000000000;0,0000000000;0,0000000000;0,0000000000;0,0000000000;0,0000000000;0,0000000000;
Supplier_47;$storage;0,0000000000;0,0000000000;0,0000000000;0,0000000000;0,0000000000;0,0000000000;0,0000000000;
Supplier_48;$handling;0,0000000000;0,0000000000;0,0000000000;0,0000000000;0,0000000000;0,0000000000;0,0000000000;
Supplier_48;$storage;0,0000000000;0,0000000000;0,0000000000;0,0000000000;0,0000000000;0,0000000000;0,0000000000;
Supplier_49;$handling;0,0000000000;0,0000000000;0,0000000000;0,0000000000;0,0000000000;0,0000000000;0,0000000000;
Supplier_49;$storage;0,0000000000;0,0000000000;0,0000000000;0,0000000000;0,0000000000;0,0000000000;0,0000000000;
Supplier_50;$handling;0,0000000000;0,0000000000;0,0000000000;0,0000000000;0,0000000000;0,0000000000;0,0000000000;
Supplier_50;$storage;0,0000000000;0,0000000000;0,0000000000;0,0000000000;0,0000000000;0,0000000000;0,0000000000;
Supplier_51;$handling;0,0000000000;0,0000000000;0,0000000000;0,0000000000;0,0000000000;0,0000000000;0,0000000000;
Supplier_51;$storage;0,0000000000;0,0000000000;0,0000000000;0,0000000000;0,0000000000;0,0000000000;0,0000000000;
Supplier_52;$handling;0,0000000000;0,0000000000;0,0000000000;0,0000000000;0,0000000000;0,0000000000;0,0000000000;
Supplier_52;$storage;0,0000000000;0,0000000000;0,0000000000;0,0000000000;0,0000000000;0,0000000000;0,0000000000;
Supplier_53;$handling;0,0000000000;0,0000000000;0,0000000000;0,0000000000;0,0000000000;0,0000000000;0,0000000000;
Supplier_53;$storage;0,0000000000;0,0000000000;0,0000000000;0,0000000000;0,0000000000;0,0000000000;0,0000000000;
Supplier_54;$handling;0,0000000000;0,0000000000;0,0000000000;0,0000000000;0,0000000000;0,0000000000;0,0000000000;
Supplier_54;$storage;0,0000000000;0,0000000000;0,0000000000;0,0000000000;0,0000000000;0,0000000000;0,0000000000;
Supplier_55;$handling;0,0000000000;0,0000000000;0,0000000000;0,0000000000;0,0000000000;0,0000000000;0,0000000000;
Supplier_55;$storage;0,0000000000;0,0000000000;0,0000000000;0,0000000000;0,0000000000;0,0000000000;0,0000000000;
Supplier_56;$handling;0,0000000000;0,0000000000;0,0000000000;0,0000000000;0,0000000000;0,0000000000;0,0000000000;
Supplier_56;$storage;0,0000000000;0,0000000000;0,0000000000;0,0000000000;0,0000000000;0,0000000000;0,0000000000;
Supplier_57;$handling;0,0000000000;0,0000000000;0,0000000000;0,0000000000;0,0000000000;0,0000000000;0,0000000000;
Supplier_57;$storage;0,0000000000;0,0000000000;0,0000000000;0,0000000000;0,0000000000;0,0000000000;0,0000000000;
Supplier_58;$handling;0,0000000000;0,0000000000;0,0000000000;0,0000000000;0,0000000000;0,0000000000;0,0000000000;
Supplier_58;$storage;0,0000000000;0,0000000000;0,0000000000;0,0000000000;0,0000000000;0,0000000000;0,0000000000;
Supplier_59;$handling;0,0000000000;0,0000000000;0,0000000000;0,0000000000;0,0000000000;0,0000000000;0,0000000000;
Supplier_59;$storage;0,0000000000;0,0000000000;0,0000000000;0,0000000000;0,0000000000;0,0000000000;0,0000000000;
Supplier_60;$handling;0,0000000000;0,0000000000;0,0000000000;0,0000000000;0,0000000000;0,0000000000;0,0000000000;
Supplier_60;$storage;0,0000000000;0,0000000000;0,0000000000;0,0000000000;0,0000000000;0,0000000000;0,0000000000;
Supplier_61;$handling;0,0000000000;0,0000000000;0,0000000000;0,0000000000;0,0000000000;0,0000000000;0,0000000000;
Supplier_61;$storage;0,0000000000;0,0000000000;0,0000000000;0,0000000000;0,0000000000;0,0000000000;0,0000000000;
Supplier_62;$handling;0,0000000000;0,0000000000;0,0000000000;0,0000000000;0,0000000000;0,0000000000;0,0000000000;
Supplier_62;$storage;0,0000000000;0,0000000000;0,0000000000;0,0000000000;0,0000000000;0,0000000000;0,0000000000;
Supplier_63;$handling;0,0000000000;0,0000000000;0,0000000000;0,0000000000;0,0000000000;0,0000000000;0,0000000000;
Supplier_63;$storage;0,0000000000;0,0000000000;0,0000000000;0,0000000000;0,0000000000;0,0000000000;0,0000000000;
Supplier_64;$handling;0,0000000000;0,0000000000;0,0000000000;0,0000000000;0,0000000000;0,0000000000;0,0000000000;
Supplier_64;$storage;0,0000000000;0,0000000000;0,0000000000;0,0000000000;0,0000000000;0,0000000000;0,0000000000;
Supplier_65;$handling;0,0000000000;0,0000000000;0,0000000000;0,0000000000;0,0000000000;0,0000000000;0,0000000000;
Supplier_65;$storage;0,0000000000;0,0000000000;0,0000000000;0,0000000000;0,0000000000;0,0000000000;0,0000000000;
Supplier_66;$handling;0,0000000000;0,0000000000;0,0000000000;0,0000000000;0,0000000000;0,0000000000;0,0000000000;
Supplier_66;$storage;0,0000000000;0,0000000000;0,0000000000;0,0000000000;0,0000000000;0,0000000000;0,0000000000;
Supplier_67;$handling;0,0000000000;0,0000000000;0,0000000000;0,0000000000;0,0000000000;0,0000000000;0,0000000000;
Supplier_67;$storage;0,0000000000;0,0000000000;0,0000000000;0,0000000000;0,0000000000;0,0000000000;0,0000000000;
Supplier_68;$handling;0,0000000000;0,0000000000;0,0000000000;0,0000000000;0,0000000000;0,0000000000;0,0000000000;
Supplier_68;$storage;0,0000000000;0,0000000000;0,0000000000;0,0000000000;0,0000000000;0,0000000000;0,0000000000;
Supplier_69;$handling;0,0000000000;0,0000000000;0,0000000000;0,0000000000;0,0000000000;0,0000000000;0,0000000000;
Supplier_69;$storage;0,0000000000;0,0000000000;0,0000000000;0,0000000000;0,0000000000;0,0000000000;0,0000000000;
Supplier_70;$handling;0,0000000000;0,0000000000;0,0000000000;0,0000000000;0,0000000000;0,0000000000;0,0000000000;
Supplier_70;$storage;0,0000000000;0,0000000000;0,0000000000;0,0000000000;0,0000000000;0,0000000000;0,0000000000;
Supplier_71;$handling;0,0000000000;0,0000000000;0,0000000000;0,0000000000;0,0000000000;0,0000000000;0,0000000000;
Supplier_71;$storage;0,0000000000;0,0000000000;0,0000000000;0,0000000000;0,0000000000;0,0000000000;0,0000000000;
Supplier_72;$handling;0,0000000000;0,0000000000;0,0000000000;0,0000000000;0,0000000000;0,0000000000;0,0000000000;
Supplier_72;$storage;0,0000000000;0,0000000000;0,0000000000;0,0000000000;0,0000000000;0,0000000000;0,0000000000;
Supplier_73;$handling;0,0000000000;0,0000000000;0,0000000000;0,0000000000;0,0000000000;0,0000000000;0,0000000000;
Supplier_73;$storage;0,0000000000;0,0000000000;0,0000000000;0,0000000000;0,0000000000;0,0000000000;0,0000000000;
Supplier_74;$handling;0,0000000000;0,0000000000;0,0000000000;0,0000000000;0,0000000000;0,0000000000;0,0000000000;
Supplier_74;$storage;0,0000000000;0,0000000000;0,0000000000;0,0000000000;0,0000000000;0,0000000000;0,0000000000;
Supplier_75;$handling;0,0000000000;0,0000000000;0,0000000000;0,0000000000;0,0000000000;0,0000000000;0,0000000000;
Supplier_75;$storage;0,0000000000;0,0000000000;0,0000000000;0,0000000000;0,0000000000;0,0000000000;0,0000000000;
Supplier_76;$handling;0,0000000000;0,0000000000;0,0000000000;0,0000000000;0,0000000000;0,0000000000;0,0000000000;
Supplier_76;$storage;0,0000000000;0,0000000000;0,0000000000;0,0000000000;0,0000000000;0,0000000000;0,0000000000;
Supplier_77;$handling;0,0000000000;0,0000000000;0,0000000000;0,0000000000;0,0000000000;0,0000000000;0,0000000000;
Supplier_77;$storage;0,0000000000;0,0000000000;0,0000000000;0,0000000000;0,0000000000;0,0000000000;0,0000000000;
Supplier_78;$handling;0,0000000000;0,0000000000;0,0000000000;0,0000000000;0,0000000000;0,0000000000;0,0000000000;
Supplier_78;$storage;0,0000000000;0,0000000000;0,0000000000;0,0000000000;0,0000000000;0,0000000000;0,0000000000;
Supplier_79;$handling;0,0000000000;0,0000000000;0,0000000000;0,0000000000;0,0000000000;0,0000000000;0,0000000000;
Supplier_79;$storage;0,0000000000;0,0000000000;0,0000000000;0,0000000000;0,0000000000;0,0000000000;0,0000000000;
Supplier_80;$handling;0,0000000000;0,0000000000;0,0000000000;0,0000000000;0,0000000000;0,0000000000;0,0000000000;
Supplier_80;$storage;0,0000000000;0,0000000000;0,0000000000;0,0000000000;0,0000000000;0,0000000000;0,0000000000;
Supplier_81;$handling;0,0000000000;0,0000000000;0,0000000000;0,0000000000;0,0000000000;0,0000000000;0,0000000000;
Supplier_81;$storage;0,0000000000;0,0000000000;0,0000000000;0,0000000000;0,0000000000;0,0000000000;0,0000000000;
Supplier_82;$handling;0,0000000000;0,0000000000;0,0000000000;0,0000000000;0,0000000000;0,0000000000;0,0000000000;
Supplier_82;$storage;0,0000000000;0,0000000000;0,0000000000;0,0000000000;0,0000000000;0,0000000000;0,0000000000;
Supplier_83;$handling;0,0000000000;0,0000000000;0,0000000000;0,0000000000;0,0000000000;0,0000000000;0,0000000000;
Supplier_83;$storage;0,0000000000;0,0000000000;0,0000000000;0,0000000000;0,0000000000;0,0000000000;0,0000000000;
Supplier_84;$handling;0,0000000000;0,0000000000;0,0000000000;0,0000000000;0,0000000000;0,0000000000;0,0000000000;
Supplier_84;$storage;0,0000000000;0,0000000000;0,0000000000;0,0000000000;0,0000000000;0,0000000000;0,0000000000;
Supplier_85;$handling;0,0000000000;0,0000000000;0,0000000000;0,0000000000;0,0000000000;0,0000000000;0,0000000000;
Supplier_85;$storage;0,0000000000;0,0000000000;0,0000000000;0,0000000000;0,0000000000;0,0000000000;0,0000000000;
Supplier_86;$handling;0,0000000000;0,0000000000;0,0000000000;0,0000000000;0,0000000000;0,0000000000;0,0000000000;
Supplier_86;$storage;0,0000000000;0,0000000000;0,0000000000;0,0000000000;0,0000000000;0,0000000000;0,0000000000;
Supplier_87;$handling;0,0000000000;0,0000000000;0,0000000000;0,0000000000;0,0000000000;0,0000000000;0,0000000000;
Supplier_87;$storage;0,0000000000;0,0000000000;0,0000000000;0,0000000000;0,0000000000;0,0000000000;0,0000000000;
Supplier_88;$handling;0,0000000000;0,0000000000;0,0000000000;0,0000000000;0,0000000000;0,0000000000;0,0000000000;
Supplier_88;$storage;0,0000000000;0,0000000000;0,0000000000;0,0000000000;0,0000000000;0,0000000000;0,0000000000;
Supplier_89;$handling;0,0000000000;0,0000000000;0,0000000000;0,0000000000;0,0000000000;0,0000000000;0,0000000000;
Supplier_89;$storage;0,0000000000;0,0000000000;0,0000000000;0,0000000000;0,0000000000;0,0000000000;0,0000000000;
Supplier_90;$handling;0,0000000000;0,0000000000;0,0000000000;0,0000000000;0,0000000000;0,0000000000;0,0000000000;
Supplier_90;$storage;0,0000000000;0,0000000000;0,0000000000;0,0000000000;0,0000000000;0,0000000000;0,0000000000;
Supplier_91;$handling;0,0000000000;0,0000000000;0,0000000000;0,0000000000;0,0000000000;0,0000000000;0,0000000000;
Supplier_91;$storage;0,0000000000;0,0000000000;0,0000000000;0,0000000000;0,0000000000;0,0000000000;0,0000000000;
Supplier_92;$handling;0,0000000000;0,0000000000;0,0000000000;0,0000000000;0,0000000000;0,0000000000;0,0000000000;
Supplier_92;$storage;0,0000000000;0,0000000000;0,0000000000;0,0000000000;0,0000000000;0,0000000000;0,0000000000;
Supplier_93;$handling;0,0000000000;0,0000000000;0,0000000000;0,0000000000;0,0000000000;0,0000000000;0,0000000000;
Supplier_93;$storage;0,0000000000;0,0000000000;0,0000000000;0,0000000000;0,0000000000;0,0000000000;0,0000000000;
Supplier_94;$handling;0,0000000000;0,0000000000;0,0000000000;0,0000000000;0,0000000000;0,0000000000;0,0000000000;
Supplier_94;$storage;0,0000000000;0,0000000000;0,0000000000;0,0000000000;0,0000000000;0,0000000000;0,0000000000;
Supplier_95;$handling;0,0000000000;0,0000000000;0,0000000000;0,0000000000;0,0000000000;0,0000000000;0,0000000000;
Supplier_95;$storage;0,0000000000;0,0000000000;0,0000000000;0,0000000000;0,0000000000;0,0000000000;0,0000000000;
Supplier_96;$handling;0,0000000000;0,0000000000;0,0000000000;0,0000000000;0,0000000000;0,0000000000;0,0000000000;
Supplier_96;$storage;0,0000000000;0,0000000000;0,0000000000;0,0000000000;0,0000000000;0,0000000000;0,0000000000;
Supplier_97;$handling;0,0000000000;0,0000000000;0,0000000000;0,0000000000;0,0000000000;0,0000000000;0,0000000000;
Supplier_97;$storage;0,0000000000;0,0000000000;0,0000000000;0,0000000000;0,0000000000;0,0000000000;0,0000000000;
Supplier_98;$handling;0,0000000000;0,0000000000;0,0000000000;0,0000000000;0,0000000000;0,0000000000;0,0000000000;
Supplier_98;$storage;0,0000000000;0,0000000000;0,0000000000;0,0000000000;0,0000000000;0,0000000000;0,0000000000;
Supplier_99;$handling;0,0000000000;0,0000000000;0,0000000000;0,0000000000;0,0000000000;0,0000000000;0,0000000000;
Supplier_99;$storage;0,0000000000;0,0000000000;0,0000000000;0,0000000000;0,0000000000;0,0000000000;0,0000000000;
Supplier_100;$handling;0,0000000000;0,0000000000;0,0000000000;0,0000000000;0,0000000000;0,0000000000;0,0000000000;
Supplier_100;$storage;0,0000000000;0,0000000000;0,0000000000;0,0000000000;0,0000000000;0,0000000000;0,0000000000;
Supplier_101;$handling;0,0000000000;0,0000000000;0,0000000000;0,0000000000;0,0000000000;0,0000000000;0,0000000000;
Supplier_101;$storage;0,0000000000;0,0000000000;0,0000000000;0,0000000000;0,0000000000;0,0000000000;0,0000000000;
Supplier_102;$handling;0,0000000000;0,0000000000;0,0000000000;0,0000000000;0,0000000000;0,0000000000;0,0000000000;
Supplier_102;$storage;0,0000000000;0,0000000000;0,0000000000;0,0000000000;0,0000000000;0,0000000000;0,0000000000;
Supplier_103;$handling;0,0000000000;0,0000000000;0,0000000000;0,0000000000;0,0000000000;0,0000000000;0,0000000000;
Supplier_103;$storage;0,0000000000;0,0000000000;0,0000000000;0,0000000000;0,0000000000;0,0000000000;0,0000000000;
Supplier_104;$handling;0,0000000000;0,0000000000;0,0000000000;0,0000000000;0,0000000000;0,0000000000;0,0000000000;
Supplier_104;$storage;0,0000000000;0,0000000000;0,0000000000;0,0000000000;0,0000000000;0,0000000000;0,0000000000;
Supplier_105;$handling;0,0000000000;0,0000000000;0,0000000000;0,0000000000;0,0000000000;0,0000000000;0,0000000000;
Supplier_105;$storage;0,0000000000;0,0000000000;0,0000000000;0,0000000000;0,0000000000;0,0000000000;0,0000000000;
Supplier_106;$handling;0,0000000000;0,0000000000;0,0000000000;0,0000000000;0,0000000000;0,0000000000;0,0000000000;
Supplier_106;$storage;0,0000000000;0,0000000000;0,0000000000;0,0000000000;0,0000000000;0,0000000000;0,0000000000;
Supplier_107;$handling;0,0000000000;0,0000000000;0,0000000000;0,0000000000;0,0000000000;0,0000000000;0,0000000000;
Supplier_107;$storage;0,0000000000;0,0000000000;0,0000000000;0,0000000000;0,0000000000;0,0000000000;0,0000000000;
Supplier_108;$handling;0,0000000000;0,0000000000;0,0000000000;0,0000000000;0,0000000000;0,0000000000;0,0000000000;
Supplier_108;$storage;0,0000000000;0,0000000000;0,0000000000;0,0000000000;0,0000000000;0,0000000000;0,0000000000;
Supplier_109;$handling;0,0000000000;0,0000000000;0,0000000000;0,0000000000;0,0000000000;0,0000000000;0,0000000000;
Supplier_109;$storage;0,0000000000;0,0000000000;0,0000000000;0,0000000000;0,0000000000;0,0000000000;0,0000000000;
Supplier_110;$handling;0,0000000000;0,0000000000;0,0000000000;0,0000000000;0,0000000000;0,0000000000;0,0000000000;
Supplier_110;$storage;0,0000000000;0,0000000000;0,0000000000;0,0000000000;0,0000000000;0,0000000000;0,0000000000;
Supplier_111;$handling;0,0000000000;0,0000000000;0,0000000000;0,0000000000;0,0000000000;0,0000000000;0,0000000000;
Supplier_111;$storage;0,0000000000;0,0000000000;0,0000000000;0,0000000000;0,0000000000;0,0000000000;0,0000000000;
Supplier_112;$handling;0,0000000000;0,0000000000;0,0000000000;0,0000000000;0,0000000000;0,0000000000;0,0000000000;
Supplier_112;$storage;0,0000000000;0,0000000000;0,0000000000;0,0000000000;0,0000000000;0,0000000000;0,0000000000;
Supplier_113;$handling;0,0000000000;0,0000000000;0,0000000000;0,0000000000;0,0000000000;0,0000000000;0,0000000000;
Supplier_113;$storage;0,0000000000;0,0000000000;0,0000000000;0,0000000000;0,0000000000;0,0000000000;0,0000000000;
Supplier_114;$handling;0,0000000000;0,0000000000;0,0000000000;0,0000000000;0,0000000000;0,0000000000;0,0000000000;
Supplier_114;$storage;0,0000000000;0,0000000000;0,0000000000;0,0000000000;0,0000000000;0,0000000000;0,0000000000;
Supplier_115;$handling;0,0000000000;0,0000000000;0,0000000000;0,0000000000;0,0000000000;0,0000000000;0,0000000000;
Supplier_115;$storage;0,0000000000;0,0000000000;0,0000000000;0,0000000000;0,0000000000;0,0000000000;0,0000000000;
Supplier_116;$handling;0,0000000000;0,0000000000;0,0000000000;0,0000000000;0,0000000000;0,0000000000;0,0000000000;
Supplier_116;$storage;0,0000000000;0,0000000000;0,0000000000;0,0000000000;0,0000000000;0,0000000000;0,0000000000;
Supplier_117;$handling;0,0000000000;0,0000000000;0,0000000000;0,0000000000;0,0000000000;0,0000000000;0,0000000000;
Supplier_117;$storage;0,0000000000;0,0000000000;0,0000000000;0,0000000000;0,0000000000;0,0000000000;0,0000000000;
Supplier_118;$handling;0,0000000000;0,0000000000;0,0000000000;0,0000000000;0,0000000000;0,0000000000;0,0000000000;
Supplier_118;$storage;0,0000000000;0,0000000000;0,0000000000;0,0000000000;0,0000000000;0,0000000000;0,0000000000;
Supplier_119;$handling;0,0000000000;0,0000000000;0,0000000000;0,0000000000;0,0000000000;0,0000000000;0,0000000000;
Supplier_119;$storage;0,0000000000;0,0000000000;0,0000000000;0,0000000000;0,0000000000;0,0000000000;0,0000000000;
Supplier_120;$handling;0,0000000000;0,0000000000;0,0000000000;0,0000000000;0,0000000000;0,0000000000;0,0000000000;
Supplier_120;$storage;0,0000000000;0,0000000000;0,0000000000;0,0000000000;0,0000000000;0,0000000000;0,0000000000;
Supplier_121;$handling;0,0000000000;0,0000000000;0,0000000000;0,0000000000;0,0000000000;0,0000000000;0,0000000000;
Supplier_121;$storage;0,0000000000;0,0000000000;0,0000000000;0,0000000000;0,0000000000;0,0000000000;0,0000000000;
Supplier_122;$handling;0,0000000000;0,0000000000;0,0000000000;0,0000000000;0,0000000000;0,0000000000;0,0000000000;
Supplier_122;$storage;0,0000000000;0,0000000000;0,0000000000;0,0000000000;0,0000000000;0,0000000000;0,0000000000;
Supplier_123;$handling;0,0000000000;0,0000000000;0,0000000000;0,0000000000;0,0000000000;0,0000000000;0,0000000000;
Supplier_123;$storage;0,0000000000;0,0000000000;0,0000000000;0,0000000000;0,0000000000;0,0000000000;0,0000000000;
Supplier_124;$handling;0,0000000000;0,0000000000;0,0000000000;0,0000000000;0,0000000000;0,0000000000;0,0000000000;
Supplier_124;$storage;0,0000000000;0,0000000000;0,0000000000;0,0000000000;0,0000000000;0,0000000000;0,0000000000;
Supplier_125;$handling;0,0000000000;0,0000000000;0,0000000000;0,0000000000;0,0000000000;0,0000000000;0,0000000000;
Supplier_125;$storage;0,0000000000;0,0000000000;0,0000000000;0,0000000000;0,0000000000;0,0000000000;0,0000000000;
Supplier_126;$handling;0,0000000000;0,0000000000;0,0000000000;0,0000000000;0,0000000000;0,0000000000;0,0000000000;
Supplier_126;$storage;0,0000000000;0,0000000000;0,0000000000;0,0000000000;0,0000000000;0,0000000000;0,0000000000;
Supplier_127;$handling;0,0000000000;0,0000000000;0,0000000000;0,0000000000;0,0000000000;0,0000000000;0,0000000000;
Supplier_127;$storage;0,0000000000;0,0000000000;0,0000000000;0,0000000000;0,0000000000;0,0000000000;0,0000000000;
Supplier_128;$handling;0,0000000000;0,0000000000;0,0000000000;0,0000000000;0,0000000000;0,0000000000;0,0000000000;
Supplier_128;$storage;0,0000000000;0,0000000000;0,0000000000;0,0000000000;0,0000000000;0,0000000000;0,0000000000;
Supplier_129;$handling;0,0000000000;0,0000000000;0,0000000000;0,0000000000;0,0000000000;0,0000000000;0,0000000000;
Supplier_129;$storage;0,0000000000;0,0000000000;0,0000000000;0,0000000000;0,0000000000;0,0000000000;0,0000000000;
Supplier_130;$handling;0,0000000000;0,0000000000;0,0000000000;0,0000000000;0,0000000000;0,0000000000;0,0000000000;
Supplier_130;$storage;0,0000000000;0,0000000000;0,0000000000;0,0000000000;0,0000000000;0,0000000000;0,0000000000;
Supplier_131;$handling;0,0000000000;0,0000000000;0,0000000000;0,0000000000;0,0000000000;0,0000000000;0,0000000000;
Supplier_131;$storage;0,0000000000;0,0000000000;0,0000000000;0,0000000000;0,0000000000;0,0000000000;0,0000000000;
Supplier_132;$handling;0,0000000000;0,0000000000;0,0000000000;0,0000000000;0,0000000000;0,0000000000;0,0000000000;
Supplier_132;$storage;0,0000000000;0,0000000000;0,0000000000;0,0000000000;0,0000000000;0,0000000000;0,0000000000;
Supplier_133;$handling;0,0000000000;0,0000000000;0,0000000000;0,0000000000;0,0000000000;0,0000000000;0,0000000000;
Supplier_133;$storage;0,0000000000;0,0000000000;0,0000000000;0,0000000000;0,0000000000;0,0000000000;0,0000000000;
Supplier_134;$handling;0,0000000000;0,0000000000;0,0000000000;0,0000000000;0,0000000000;0,0000000000;0,0000000000;
Supplier_134;$storage;0,0000000000;0,0000000000;0,0000000000;0,0000000000;0,0000000000;0,0000000000;0,0000000000;
Supplier_135;$handling;0,0000000000;0,0000000000;0,0000000000;0,0000000000;0,0000000000;0,0000000000;0,0000000000;
Supplier_135;$storage;0,0000000000;0,0000000000;0,0000000000;0,0000000000;0,0000000000;0,0000000000;0,0000000000;
Supplier_136;$handling;0,0000000000;0,0000000000;0,0000000000;0,0000000000;0,0000000000;0,0000000000;0,0000000000;
Supplier_136;$storage;0,0000000000;0,0000000000;0,0000000000;0,0000000000;0,0000000000;0,0000000000;0,0000000000;
Supplier_137;$handling;0,0000000000;0,0000000000;0,0000000000;0,0000000000;0,0000000000;0,0000000000;0,0000000000;
Supplier_137;$storage;0,0000000000;0,0000000000;0,0000000000;0,0000000000;0,0000000000;0,0000000000;0,0000000000;
Supplier_138;$handling;0,0000000000;0,0000000000;0,0000000000;0,0000000000;0,0000000000;0,0000000000;0,0000000000;
Supplier_138;$storage;0,0000000000;0,0000000000;0,0000000000;0,0000000000;0,0000000000;0,0000000000;0,0000000000;
Supplier_139;$handling;0,0000000000;0,0000000000;0,0000000000;0,0000000000;0,0000000000;0,0000000000;0,0000000000;
Supplier_139;$storage;0,0000000000;0,0000000000;0,0000000000;0,0000000000;0,0000000000;0,0000000000;0,0000000000;
Supplier_140;$handling;0,0000000000;0,0000000000;0,0000000000;0,0000000000;0,0000000000;0,0000000000;0,0000000000;
Supplier_140;$storage;0,0000000000;0,0000000000;0,0000000000;0,0000000000;0,0000000000;0,0000000000;0,0000000000;
Supplier_141;$handling;0,0000000000;0,0000000000;0,0000000000;0,0000000000;0,0000000000;0,0000000000;0,0000000000;
Supplier_141;$storage;0,0000000000;0,0000000000;0,0000000000;0,0000000000;0,0000000000;0,0000000000;0,0000000000;
Supplier_142;$handling;0,0000000000;0,0000000000;0,0000000000;0,0000000000;0,0000000000;0,0000000000;0,0000000000;
Supplier_142;$storage;0,0000000000;0,0000000000;0,0000000000;0,0000000000;0,0000000000;0,0000000000;0,0000000000;
Supplier_143;$handling;0,0000000000;0,0000000000;0,0000000000;0,0000000000;0,0000000000;0,0000000000;0,0000000000;
Supplier_143;$storage;0,0000000000;0,0000000000;0,0000000000;0,0000000000;0,0000000000;0,0000000000;0,0000000000;
Supplier_144;$handling;0,0000000000;0,0000000000;0,0000000000;0,0000000000;0,0000000000;0,0000000000;0,0000000000;
Supplier_144;$storage;0,0000000000;0,0000000000;0,0000000000;0,0000000000;0,0000000000;0,0000000000;0,0000000000;
Supplier_145;$handling;0,0000000000;0,0000000000;0,0000000000;0,0000000000;0,0000000000;0,0000000000;0,0000000000;
Supplier_145;$storage;0,0000000000;0,0000000000;0,0000000000;0,0000000000;0,0000000000;0,0000000000;0,0000000000;
Supplier_146;$handling;0,0000000000;0,0000000000;0,0000000000;0,0000000000;0,0000000000;0,0000000000;0,0000000000;
Supplier_146;$storage;0,0000000000;0,0000000000;0,0000000000;0,0000000000;0,0000000000;0,0000000000;0,0000000000;
Supplier_147;$handling;0,0000000000;0,0000000000;0,0000000000;0,0000000000;0,0000000000;0,0000000000;0,0000000000;
Supplier_147;$storage;0,0000000000;0,0000000000;0,0000000000;0,0000000000;0,0000000000;0,0000000000;0,0000000000;
Supplier_148;$handling;0,0000000000;0,0000000000;0,0000000000;0,0000000000;0,0000000000;0,0000000000;0,0000000000;
Supplier_148;$storage;0,0000000000;0,0000000000;0,0000000000;0,0000000000;0,0000000000;0,0000000000;0,0000000000;
Supplier_149;$handling;0,0000000000;0,0000000000;0,0000000000;0,0000000000;0,0000000000;0,0000000000;0,0000000000;
Supplier_149;$storage;0,0000000000;0,0000000000;0,0000000000;0,0000000000;0,0000000000;0,0000000000;0,0000000000;
Supplier_150;$handling;0,0000000000;0,0000000000;0,0000000000;0,0000000000;0,0000000000;0,0000000000;0,0000000000;
Supplier_150;$storage;0,0000000000;0,0000000000;0,0000000000;0,0000000000;0,0000000000;0,0000000000;0,0000000000;
Supplier_151;$handling;0,0000000000;0,0000000000;0,0000000000;0,0000000000;0,0000000000;0,0000000000;0,0000000000;
Supplier_151;$storage;0,0000000000;0,0000000000;0,0000000000;0,0000000000;0,0000000000;0,0000000000;0,0000000000;
Supplier_152;$handling;0,0000000000;0,0000000000;0,0000000000;0,0000000000;0,0000000000;0,0000000000;0,0000000000;
Supplier_152;$storage;0,0000000000;0,0000000000;0,0000000000;0,0000000000;0,0000000000;0,0000000000;0,0000000000;
Supplier_153;$handling;0,0000000000;0,0000000000;0,0000000000;0,0000000000;0,0000000000;0,0000000000;0,0000000000;
Supplier_153;$storage;0,0000000000;0,0000000000;0,0000000000;0,0000000000;0,0000000000;0,0000000000;0,0000000000;
Supplier_154;$handling;0,0000000000;0,0000000000;0,0000000000;0,0000000000;0,0000000000;0,0000000000;0,0000000000;
Supplier_154;$storage;0,0000000000;0,0000000000;0,0000000000;0,0000000000;0,0000000000;0,0000000000;0,0000000000;
Supplier_155;$handling;0,0000000000;0,0000000000;0,0000000000;0,0000000000;0,0000000000;0,0000000000;0,0000000000;
Supplier_155;$storage;0,0000000000;0,0000000000;0,0000000000;0,0000000000;0,0000000000;0,0000000000;0,0000000000;
Supplier_156;$handling;0,0000000000;0,0000000000;0,0000000000;0,0000000000;0,0000000000;0,0000000000;0,0000000000;
Supplier_156;$storage;0,0000000000;0,0000000000;0,0000000000;0,0000000000;0,0000000000;0,0000000000;0,0000000000;
Supplier_157;$handling;0,0000000000;0,0000000000;0,0000000000;0,0000000000;0,0000000000;0,0000000000;0,0000000000;
Supplier_157;$storage;0,0000000000;0,0000000000;0,0000000000;0,0000000000;0,0000000000;0,0000000000;0,0000000000;
Supplier_158;$handling;0,0000000000;0,0000000000;0,0000000000;0,0000000000;0,0000000000;0,0000000000;0,0000000000;
Supplier_158;$storage;0,0000000000;0,0000000000;0,0000000000;0,0000000000;0,0000000000;0,0000000000;0,0000000000;
Supplier_159;$handling;0,0000000000;0,0000000000;0,0000000000;0,0000000000;0,0000000000;0,0000000000;0,0000000000;
Supplier_159;$storage;0,0000000000;0,0000000000;0,0000000000;0,0000000000;0,0000000000;0,0000000000;0,0000000000;
Supplier_160;$handling;0,0000000000;0,0000000000;0,0000000000;0,0000000000;0,0000000000;0,0000000000;0,0000000000;
Supplier_160;$storage;0,0000000000;0,0000000000;0,0000000000;0,0000000000;0,0000000000;0,0000000000;0,0000000000;
Supplier_161;$handling;0,0000000000;0,0000000000;0,0000000000;0,0000000000;0,0000000000;0,0000000000;0,0000000000;
Supplier_161;$storage;0,0000000000;0,0000000000;0,0000000000;0,0000000000;0,0000000000;0,0000000000;0,0000000000;
Supplier_162;$handling;0,0000000000;0,0000000000;0,0000000000;0,0000000000;0,0000000000;0,0000000000;0,0000000000;
Supplier_162;$storage;0,0000000000;0,0000000000;0,0000000000;0,0000000000;0,0000000000;0,0000000000;0,0000000000;
Supplier_163;$handling;0,0000000000;0,0000000000;0,0000000000;0,0000000000;0,0000000000;0,0000000000;0,0000000000;
Supplier_163;$storage;0,0000000000;0,0000000000;0,0000000000;0,0000000000;0,0000000000;0,0000000000;0,0000000000;
Supplier_164;$handling;0,0000000000;0,0000000000;0,0000000000;0,0000000000;0,0000000000;0,0000000000;0,0000000000;
Supplier_164;$storage;0,0000000000;0,0000000000;0,0000000000;0,0000000000;0,0000000000;0,0000000000;0,0000000000;
Supplier_165;$handling;0,0000000000;0,0000000000;0,0000000000;0,0000000000;0,0000000000;0,0000000000;0,0000000000;
Supplier_165;$storage;0,0000000000;0,0000000000;0,0000000000;0,0000000000;0,0000000000;0,0000000000;0,0000000000;
Supplier_166;$handling;0,0000000000;0,0000000000;0,0000000000;0,0000000000;0,0000000000;0,0000000000;0,0000000000;
Supplier_166;$storage;0,0000000000;0,0000000000;0,0000000000;0,0000000000;0,0000000000;0,0000000000;0,0000000000;
Supplier_167;$handling;0,0000000000;0,0000000000;0,0000000000;0,0000000000;0,0000000000;0,0000000000;0,0000000000;
Supplier_167;$storage;0,0000000000;0,0000000000;0,0000000000;0,0000000000;0,0000000000;0,0000000000;0,0000000000;
Supplier_168;$handling;0,0000000000;0,0000000000;0,0000000000;0,0000000000;0,0000000000;0,0000000000;0,0000000000;
Supplier_168;$storage;0,0000000000;0,0000000000;0,0000000000;0,0000000000;0,0000000000;0,0000000000;0,0000000000;
Supplier_169;$handling;0,0000000000;0,0000000000;0,0000000000;0,0000000000;0,0000000000;0,0000000000;0,0000000000;
Supplier_169;$storage;0,0000000000;0,0000000000;0,0000000000;0,0000000000;0,0000000000;0,0000000000;0,0000000000;
Supplier_170;$handling;0,0000000000;0,0000000000;0,0000000000;0,0000000000;0,0000000000;0,0000000000;0,0000000000;
Supplier_170;$storage;0,0000000000;0,0000000000;0,0000000000;0,0000000000;0,0000000000;0,0000000000;0,0000000000;
Supplier_171;$handling;0,0000000000;0,0000000000;0,0000000000;0,0000000000;0,0000000000;0,0000000000;0,0000000000;
Supplier_171;$storage;0,0000000000;0,0000000000;0,0000000000;0,0000000000;0,0000000000;0,0000000000;0,0000000000;
Supplier_172;$handling;0,0000000000;0,0000000000;0,0000000000;0,0000000000;0,0000000000;0,0000000000;0,0000000000;
Supplier_172;$storage;0,0000000000;0,0000000000;0,0000000000;0,0000000000;0,0000000000;0,0000000000;0,0000000000;
Supplier_173;$handling;0,0000000000;0,0000000000;0,0000000000;0,0000000000;0,0000000000;0,0000000000;0,0000000000;
Supplier_173;$storage;0,0000000000;0,0000000000;0,0000000000;0,0000000000;0,0000000000;0,0000000000;0,0000000000;
Supplier_174;$handling;0,0000000000;0,0000000000;0,0000000000;0,0000000000;0,0000000000;0,0000000000;0,0000000000;
Supplier_174;$storage;0,0000000000;0,0000000000;0,0000000000;0,0000000000;0,0000000000;0,0000000000;0,0000000000;
Supplier_175;$handling;0,0000000000;0,0000000000;0,0000000000;0,0000000000;0,0000000000;0,0000000000;0,0000000000;
Supplier_175;$storage;0,0000000000;0,0000000000;0,0000000000;0,0000000000;0,0000000000;0,0000000000;0,0000000000;
Supplier_176;$handling;0,0000000000;0,0000000000;0,0000000000;0,0000000000;0,0000000000;0,0000000000;0,0000000000;
Supplier_176;$storage;0,0000000000;0,0000000000;0,0000000000;0,0000000000;0,0000000000;0,0000000000;0,0000000000;
Supplier_177;$handling;0,0000000000;0,0000000000;0,0000000000;0,0000000000;0,0000000000;0,0000000000;0,0000000000;
Supplier_177;$storage;0,0000000000;0,0000000000;0,0000000000;0,0000000000;0,0000000000;0,0000000000;0,0000000000;
Supplier_178;$handling;0,0000000000;0,0000000000;0,0000000000;0,0000000000;0,0000000000;0,0000000000;0,0000000000;
Supplier_178;$storage;0,0000000000;0,0000000000;0,0000000000;0,0000000000;0,0000000000;0,0000000000;0,0000000000;
Supplier_179;$handling;0,0000000000;0,0000000000;0,0000000000;0,0000000000;0,0000000000;0,0000000000;0,0000000000;
Supplier_179;$storage;0,0000000000;0,0000000000;0,0000000000;0,0000000000;0,0000000000;0,0000000000;0,0000000000;
Supplier_180;$handling;0,0000000000;0,0000000000;0,0000000000;0,0000000000;0,0000000000;0,0000000000;0,0000000000;
Supplier_180;$storage;0,0000000000;0,0000000000;0,0000000000;0,0000000000;0,0000000000;0,0000000000;0,0000000000;
Supplier_181;$handling;0,0000000000;0,0000000000;0,0000000000;0,0000000000;0,0000000000;0,0000000000;0,0000000000;
Supplier_181;$storage;0,0000000000;0,0000000000;0,0000000000;0,0000000000;0,0000000000;0,0000000000;0,0000000000;
Supplier_182;$handling;0,0000000000;0,0000000000;0,0000000000;0,0000000000;0,0000000000;0,0000000000;0,0000000000;
Supplier_182;$storage;0,0000000000;0,0000000000;0,0000000000;0,0000000000;0,0000000000;0,0000000000;0,0000000000;
Supplier_183;$handling;0,0000000000;0,0000000000;0,0000000000;0,0000000000;0,0000000000;0,0000000000;0,0000000000;
Supplier_183;$storage;0,0000000000;0,0000000000;0,0000000000;0,0000000000;0,0000000000;0,0000000000;0,0000000000;
Supplier_184;$handling;0,0000000000;0,0000000000;0,0000000000;0,0000000000;0,0000000000;0,0000000000;0,0000000000;
Supplier_184;$storage;0,0000000000;0,0000000000;0,0000000000;0,0000000000;0,0000000000;0,0000000000;0,0000000000;
Supplier_185;$handling;0,0000000000;0,0000000000;0,0000000000;0,0000000000;0,0000000000;0,0000000000;0,0000000000;
Supplier_185;$storage;0,0000000000;0,0000000000;0,0000000000;0,0000000000;0,0000000000;0,0000000000;0,0000000000;
Supplier_186;$handling;0,0000000000;0,0000000000;0,0000000000;0,0000000000;0,0000000000;0,0000000000;0,0000000000;
Supplier_186;$storage;0,0000000000;0,0000000000;0,0000000000;0,0000000000;0,0000000000;0,0000000000;0,0000000000;
Supplier_187;$handling;0,0000000000;0,0000000000;0,0000000000;0,0000000000;0,0000000000;0,0000000000;0,0000000000;
Supplier_187;$storage;0,0000000000;0,0000000000;0,0000000000;0,0000000000;0,0000000000;0,0000000000;0,0000000000;
Supplier_188;$handling;0,0000000000;0,0000000000;0,0000000000;0,0000000000;0,0000000000;0,0000000000;0,0000000000;
Supplier_188;$storage;0,0000000000;0,0000000000;0,0000000000;0,0000000000;0,0000000000;0,0000000000;0,0000000000;
Supplier_189;$handling;0,0000000000;0,0000000000;0,0000000000;0,0000000000;0,0000000000;0,0000000000;0,0000000000;
Supplier_189;$storage;0,0000000000;0,0000000000;0,0000000000;0,0000000000;0,0000000000;0,0000000000;0,0000000000;
Supplier_190;$handling;0,0000000000;0,0000000000;0,0000000000;0,0000000000;0,0000000000;0,0000000000;0,0000000000;
Supplier_190;$storage;0,0000000000;0,0000000000;0,0000000000;0,0000000000;0,0000000000;0,0000000000;0,0000000000;
Supplier_191;$handling;0,0000000000;0,0000000000;0,0000000000;0,0000000000;0,0000000000;0,0000000000;0,0000000000;
Supplier_191;$storage;0,0000000000;0,0000000000;0,0000000000;0,0000000000;0,0000000000;0,0000000000;0,0000000000;
Supplier_192;$handling;0,0000000000;0,0000000000;0,0000000000;0,0000000000;0,0000000000;0,0000000000;0,0000000000;
Supplier_192;$storage;0,0000000000;0,0000000000;0,0000000000;0,0000000000;0,0000000000;0,0000000000;0,0000000000;
Supplier_193;$handling;0,0000000000;0,0000000000;0,0000000000;0,0000000000;0,0000000000;0,0000000000;0,0000000000;
Supplier_193;$storage;0,0000000000;0,0000000000;0,0000000000;0,0000000000;0,0000000000;0,0000000000;0,0000000000;
Supplier_194;$handling;0,0000000000;0,0000000000;0,0000000000;0,0000000000;0,0000000000;0,0000000000;0,0000000000;
Supplier_194;$storage;0,0000000000;0,0000000000;0,0000000000;0,0000000000;0,0000000000;0,0000000000;0,0000000000;
Supplier_195;$handling;0,0000000000;0,0000000000;0,0000000000;0,0000000000;0,0000000000;0,0000000000;0,0000000000;
Supplier_195;$storage;0,0000000000;0,0000000000;0,0000000000;0,0000000000;0,0000000000;0,0000000000;0,0000000000;
Supplier_196;$handling;0,0000000000;0,0000000000;0,0000000000;0,0000000000;0,0000000000;0,0000000000;0,0000000000;
Supplier_196;$storage;0,0000000000;0,0000000000;0,0000000000;0,0000000000;0,0000000000;0,0000000000;0,0000000000;
Supplier_197;$handling;0,0000000000;0,0000000000;0,0000000000;0,0000000000;0,0000000000;0,0000000000;0,0000000000;
Supplier_197;$storage;0,0000000000;0,0000000000;0,0000000000;0,0000000000;0,0000000000;0,0000000000;0,0000000000;
Supplier_198;$handling;0,0000000000;0,0000000000;0,0000000000;0,0000000000;0,0000000000;0,0000000000;0,0000000000;
Supplier_198;$storage;0,0000000000;0,0000000000;0,0000000000;0,0000000000;0,0000000000;0,0000000000;0,0000000000;
Supplier_199;$handling;0,0000000000;0,0000000000;0,0000000000;0,0000000000;0,0000000000;0,0000000000;0,0000000000;
Supplier_199;$storage;0,0000000000;0,0000000000;0,0000000000;0,0000000000;0,0000000000;0,0000000000;0,0000000000;
Supplier_200;$handling;0,0000000000;0,0000000000;0,0000000000;0,0000000000;0,0000000000;0,0000000000;0,0000000000;
Supplier_200;$storage;0,0000000000;0,0000000000;0,0000000000;0,0000000000;0,0000000000;0,0000000000;0,0000000000;
Supplier_201;$handling;0,0000000000;0,0000000000;0,0000000000;0,0000000000;0,0000000000;0,0000000000;0,0000000000;
Supplier_201;$storage;0,0000000000;0,0000000000;0,0000000000;0,0000000000;0,0000000000;0,0000000000;0,0000000000;
Supplier_202;$handling;0,0000000000;0,0000000000;0,0000000000;0,0000000000;0,0000000000;0,0000000000;0,0000000000;
Supplier_202;$storage;0,0000000000;0,0000000000;0,0000000000;0,0000000000;0,0000000000;0,0000000000;0,0000000000;
Supplier_203;$handling;0,0000000000;0,0000000000;0,0000000000;0,0000000000;0,0000000000;0,0000000000;0,0000000000;
Supplier_203;$storage;0,0000000000;0,0000000000;0,0000000000;0,0000000000;0,0000000000;0,0000000000;0,0000000000;
Supplier_204;$handling;0,0000000000;0,0000000000;0,0000000000;0,0000000000;0,0000000000;0,0000000000;0,0000000000;
Supplier_204;$storage;0,0000000000;0,0000000000;0,0000000000;0,0000000000;0,0000000000;0,0000000000;0,0000000000;
Supplier_205;$handling;0,0000000000;0,0000000000;0,0000000000;0,0000000000;0,0000000000;0,0000000000;0,0000000000;
Supplier_205;$storage;0,0000000000;0,0000000000;0,0000000000;0,0000000000;0,0000000000;0,0000000000;0,0000000000;
Supplier_206;$handling;0,0000000000;0,0000000000;0,0000000000;0,0000000000;0,0000000000;0,0000000000;0,0000000000;
Supplier_206;$storage;0,0000000000;0,0000000000;0,0000000000;0,0000000000;0,0000000000;0,0000000000;0,0000000000;
Supplier_207;$handling;0,0000000000;0,0000000000;0,0000000000;0,0000000000;0,0000000000;0,0000000000;0,0000000000;
Supplier_207;$storage;0,0000000000;0,0000000000;0,0000000000;0,0000000000;0,0000000000;0,0000000000;0,0000000000;
Supplier_208;$handling;0,0000000000;0,0000000000;0,0000000000;0,0000000000;0,0000000000;0,0000000000;0,0000000000;
Supplier_208;$storage;0,0000000000;0,0000000000;0,0000000000;0,0000000000;0,0000000000;0,0000000000;0,0000000000;
Supplier_209;$handling;0,0000000000;0,0000000000;0,0000000000;0,0000000000;0,0000000000;0,0000000000;0,0000000000;
Supplier_209;$storage;0,0000000000;0,0000000000;0,0000000000;0,0000000000;0,0000000000;0,0000000000;0,0000000000;
Supplier_210;$handling;0,0000000000;0,0000000000;0,0000000000;0,0000000000;0,0000000000;0,0000000000;0,0000000000;
Supplier_210;$storage;0,0000000000;0,0000000000;0,0000000000;0,0000000000;0,0000000000;0,0000000000;0,0000000000;
Supplier_211;$handling;0,0000000000;0,0000000000;0,0000000000;0,0000000000;0,0000000000;0,0000000000;0,0000000000;
Supplier_211;$storage;0,0000000000;0,0000000000;0,0000000000;0,0000000000;0,0000000000;0,0000000000;0,0000000000;
Supplier_212;$handling;0,0000000000;0,0000000000;0,0000000000;0,0000000000;0,0000000000;0,0000000000;0,0000000000;
Supplier_212;$storage;0,0000000000;0,0000000000;0,0000000000;0,0000000000;0,0000000000;0,0000000000;0,0000000000;
Supplier_213;$handling;0,0000000000;0,0000000000;0,0000000000;0,0000000000;0,0000000000;0,0000000000;0,0000000000;
Supplier_213;$storage;0,0000000000;0,0000000000;0,0000000000;0,0000000000;0,0000000000;0,0000000000;0,0000000000;
Supplier_214;$handling;0,0000000000;0,0000000000;0,0000000000;0,0000000000;0,0000000000;0,0000000000;0,0000000000;
Supplier_214;$storage;0,0000000000;0,0000000000;0,0000000000;0,0000000000;0,0000000000;0,0000000000;0,0000000000;
Supplier_215;$handling;0,0000000000;0,0000000000;0,0000000000;0,0000000000;0,0000000000;0,0000000000;0,0000000000;
Supplier_215;$storage;0,0000000000;0,0000000000;0,0000000000;0,0000000000;0,0000000000;0,0000000000;0,0000000000;
Supplier_216;$handling;0,0000000000;0,0000000000;0,0000000000;0,0000000000;0,0000000000;0,0000000000;0,0000000000;
Supplier_216;$storage;0,0000000000;0,0000000000;0,0000000000;0,0000000000;0,0000000000;0,0000000000;0,0000000000;
Supplier_217;$handling;0,0000000000;0,0000000000;0,0000000000;0,0000000000;0,0000000000;0,0000000000;0,0000000000;
Supplier_217;$storage;0,0000000000;0,0000000000;0,0000000000;0,0000000000;0,0000000000;0,0000000000;0,0000000000;
Supplier_218;$handling;0,0000000000;0,0000000000;0,0000000000;0,0000000000;0,0000000000;0,0000000000;0,0000000000;
Supplier_218;$storage;0,0000000000;0,0000000000;0,0000000000;0,0000000000;0,0000000000;0,0000000000;0,0000000000;
Supplier_219;$handling;0,0000000000;0,0000000000;0,0000000000;0,0000000000;0,0000000000;0,0000000000;0,0000000000;
Supplier_219;$storage;0,0000000000;0,0000000000;0,0000000000;0,0000000000;0,0000000000;0,0000000000;0,0000000000;
Supplier_220;$handling;0,0000000000;0,0000000000;0,0000000000;0,0000000000;0,0000000000;0,0000000000;0,0000000000;
Supplier_220;$storage;0,0000000000;0,0000000000;0,0000000000;0,0000000000;0,0000000000;0,0000000000;0,0000000000;
Supplier_221;$handling;0,0000000000;0,0000000000;0,0000000000;0,0000000000;0,0000000000;0,0000000000;0,0000000000;
Supplier_221;$storage;0,0000000000;0,0000000000;0,0000000000;0,0000000000;0,0000000000;0,0000000000;0,0000000000;
Supplier_222;$handling;0,0000000000;0,0000000000;0,0000000000;0,0000000000;0,0000000000;0,0000000000;0,0000000000;
Supplier_222;$storage;0,0000000000;0,0000000000;0,0000000000;0,0000000000;0,0000000000;0,0000000000;0,0000000000;
Supplier_223;$handling;0,0000000000;0,0000000000;0,0000000000;0,0000000000;0,0000000000;0,0000000000;0,0000000000;
Supplier_223;$storage;0,0000000000;0,0000000000;0,0000000000;0,0000000000;0,0000000000;0,0000000000;0,0000000000;
Supplier_224;$handling;0,0000000000;0,0000000000;0,0000000000;0,0000000000;0,0000000000;0,0000000000;0,0000000000;
Supplier_224;$storage;0,0000000000;0,0000000000;0,0000000000;0,0000000000;0,0000000000;0,0000000000;0,0000000000;
Supplier_225;$handling;0,0000000000;0,0000000000;0,0000000000;0,0000000000;0,0000000000;0,0000000000;0,0000000000;
Supplier_225;$storage;0,0000000000;0,0000000000;0,0000000000;0,0000000000;0,0000000000;0,0000000000;0,0000000000;
Supplier_226;$handling;0,0000000000;0,0000000000;0,0000000000;0,0000000000;0,0000000000;0,0000000000;0,0000000000;
Supplier_226;$storage;0,0000000000;0,0000000000;0,0000000000;0,0000000000;0,0000000000;0,0000000000;0,0000000000;
Supplier_227;$handling;0,0000000000;0,0000000000;0,0000000000;0,0000000000;0,0000000000;0,0000000000;0,0000000000;
Supplier_227;$storage;0,0000000000;0,0000000000;0,0000000000;0,0000000000;0,0000000000;0,0000000000;0,0000000000;
Supplier_228;$handling;0,0000000000;0,0000000000;0,0000000000;0,0000000000;0,0000000000;0,0000000000;0,0000000000;
Supplier_228;$storage;0,0000000000;0,0000000000;0,0000000000;0,0000000000;0,0000000000;0,0000000000;0,0000000000;
Supplier_229;$handling;0,0000000000;0,0000000000;0,0000000000;0,0000000000;0,0000000000;0,0000000000;0,0000000000;
Supplier_229;$storage;0,0000000000;0,0000000000;0,0000000000;0,0000000000;0,0000000000;0,0000000000;0,0000000000;
Supplier_230;$handling;0,0000000000;0,0000000000;0,0000000000;0,0000000000;0,0000000000;0,0000000000;0,0000000000;
Supplier_230;$storage;0,0000000000;0,0000000000;0,0000000000;0,0000000000;0,0000000000;0,0000000000;0,0000000000;
Supplier_231;$handling;0,0000000000;0,0000000000;0,0000000000;0,0000000000;0,0000000000;0,0000000000;0,0000000000;
Supplier_231;$storage;0,0000000000;0,0000000000;0,0000000000;0,0000000000;0,0000000000;0,0000000000;0,0000000000;
Supplier_232;$handling;0,0000000000;0,0000000000;0,0000000000;0,0000000000;0,0000000000;0,0000000000;0,0000000000;
Supplier_232;$storage;0,0000000000;0,0000000000;0,0000000000;0,0000000000;0,0000000000;0,0000000000;0,0000000000;
Supplier_233;$handling;0,0000000000;0,0000000000;0,0000000000;0,0000000000;0,0000000000;0,0000000000;0,0000000000;
Supplier_233;$storage;0,0000000000;0,0000000000;0,0000000000;0,0000000000;0,0000000000;0,0000000000;0,0000000000;
Supplier_234;$handling;0,0000000000;0,0000000000;0,0000000000;0,0000000000;0,0000000000;0,0000000000;0,0000000000;
Supplier_234;$storage;0,0000000000;0,0000000000;0,0000000000;0,0000000000;0,0000000000;0,0000000000;0,0000000000;
Supplier_235;$handling;0,0000000000;0,0000000000;0,0000000000;0,0000000000;0,0000000000;0,0000000000;0,0000000000;
Supplier_235;$storage;0,0000000000;0,0000000000;0,0000000000;0,0000000000;0,0000000000;0,0000000000;0,0000000000;
Supplier_236;$handling;0,0000000000;0,0000000000;0,0000000000;0,0000000000;0,0000000000;0,0000000000;0,0000000000;
Supplier_236;$storage;0,0000000000;0,0000000000;0,0000000000;0,0000000000;0,0000000000;0,0000000000;0,0000000000;
Supplier_237;$handling;0,0000000000;0,0000000000;0,0000000000;0,0000000000;0,0000000000;0,0000000000;0,0000000000;
Supplier_237;$storage;0,0000000000;0,0000000000;0,0000000000;0,0000000000;0,0000000000;0,0000000000;0,0000000000;
Supplier_238;$handling;0,0000000000;0,0000000000;0,0000000000;0,0000000000;0,0000000000;0,0000000000;0,0000000000;
Supplier_238;$storage;0,0000000000;0,0000000000;0,0000000000;0,0000000000;0,0000000000;0,0000000000;0,0000000000;
Supplier_239;$handling;0,0000000000;0,0000000000;0,0000000000;0,0000000000;0,0000000000;0,0000000000;0,0000000000;
Supplier_239;$storage;0,0000000000;0,0000000000;0,0000000000;0,0000000000;0,0000000000;0,0000000000;0,0000000000;
Supplier_240;$handling;0,0000000000;0,0000000000;0,0000000000;0,0000000000;0,0000000000;0,0000000000;0,0000000000;
Supplier_240;$storage;0,0000000000;0,0000000000;0,0000000000;0,0000000000;0,0000000000;0,0000000000;0,0000000000;
Supplier_241;$handling;0,0000000000;0,0000000000;0,0000000000;0,0000000000;0,0000000000;0,0000000000;0,0000000000;
Supplier_241;$storage;0,0000000000;0,0000000000;0,0000000000;0,0000000000;0,0000000000;0,0000000000;0,0000000000;
Supplier_242;$handling;0,0000000000;0,0000000000;0,0000000000;0,0000000000;0,0000000000;0,0000000000;0,0000000000;
Supplier_242;$storage;0,0000000000;0,0000000000;0,0000000000;0,0000000000;0,0000000000;0,0000000000;0,0000000000;
Supplier_243;$handling;0,0000000000;0,0000000000;0,0000000000;0,0000000000;0,0000000000;0,0000000000;0,0000000000;
Supplier_243;$storage;0,0000000000;0,0000000000;0,0000000000;0,0000000000;0,0000000000;0,0000000000;0,0000000000;
Supplier_244;$handling;0,0000000000;0,0000000000;0,0000000000;0,0000000000;0,0000000000;0,0000000000;0,0000000000;
Supplier_244;$storage;0,0000000000;0,0000000000;0,0000000000;0,0000000000;0,0000000000;0,0000000000;0,0000000000;
Supplier_245;$handling;0,0000000000;0,0000000000;0,0000000000;0,0000000000;0,0000000000;0,0000000000;0,0000000000;
Supplier_245;$storage;0,0000000000;0,0000000000;0,0000000000;0,0000000000;0,0000000000;0,0000000000;0,0000000000;
Supplier_246;$handling;0,0000000000;0,0000000000;0,0000000000;0,0000000000;0,0000000000;0,0000000000;0,0000000000;
Supplier_246;$storage;0,0000000000;0,0000000000;0,0000000000;0,0000000000;0,0000000000;0,0000000000;0,0000000000;
Supplier_247;$handling;0,0000000000;0,0000000000;0,0000000000;0,0000000000;0,0000000000;0,0000000000;0,0000000000;
Supplier_247;$storage;0,0000000000;0,0000000000;0,0000000000;0,0000000000;0,0000000000;0,0000000000;0,0000000000;
Supplier_248;$handling;0,0000000000;0,0000000000;0,0000000000;0,0000000000;0,0000000000;0,0000000000;0,0000000000;
Supplier_248;$storage;0,0000000000;0,0000000000;0,0000000000;0,0000000000;0,0000000000;0,0000000000;0,0000000000;
Supplier_249;$handling;0,0000000000;0,0000000000;0,0000000000;0,0000000000;0,0000000000;0,0000000000;0,0000000000;
Supplier_249;$storage;0,0000000000;0,0000000000;0,0000000000;0,0000000000;0,0000000000;0,0000000000;0,0000000000;
Supplier_250;$handling;0,0000000000;0,0000000000;0,0000000000;0,0000000000;0,0000000000;0,0000000000;0,0000000000;
Supplier_250;$storage;0,0000000000;0,0000000000;0,0000000000;0,0000000000;0,0000000000;0,0000000000;0,0000000000;
Supplier_251;$handling;0,0000000000;0,0000000000;0,0000000000;0,0000000000;0,0000000000;0,0000000000;0,0000000000;
Supplier_251;$storage;0,0000000000;0,0000000000;0,0000000000;0,0000000000;0,0000000000;0,0000000000;0,0000000000;
Supplier_252;$handling;0,0000000000;0,0000000000;0,0000000000;0,0000000000;0,0000000000;0,0000000000;0,0000000000;
Supplier_252;$storage;0,0000000000;0,0000000000;0,0000000000;0,0000000000;0,0000000000;0,0000000000;0,0000000000;
Supplier_253;$handling;0,0000000000;0,0000000000;0,0000000000;0,0000000000;0,0000000000;0,0000000000;0,0000000000;
Supplier_253;$storage;0,0000000000;0,0000000000;0,0000000000;0,0000000000;0,0000000000;0,0000000000;0,0000000000;
Supplier_254;$handling;0,0000000000;0,0000000000;0,0000000000;0,0000000000;0,0000000000;0,0000000000;0,0000000000;
Supplier_254;$storage;0,0000000000;0,0000000000;0,0000000000;0,0000000000;0,0000000000;0,0000000000;0,0000000000;
Supplier_255;$handling;0,0000000000;0,0000000000;0,0000000000;0,0000000000;0,0000000000;0,0000000000;0,0000000000;
Supplier_255;$storage;0,0000000000;0,0000000000;0,0000000000;0,0000000000;0,0000000000;0,0000000000;0,0000000000;
Supplier_256;$handling;0,0000000000;0,0000000000;0,0000000000;0,0000000000;0,0000000000;0,0000000000;0,0000000000;
Supplier_256;$storage;0,0000000000;0,0000000000;0,0000000000;0,0000000000;0,0000000000;0,0000000000;0,0000000000;
Supplier_257;$handling;0,0000000000;0,0000000000;0,0000000000;0,0000000000;0,0000000000;0,0000000000;0,0000000000;
Supplier_257;$storage;0,0000000000;0,0000000000;0,0000000000;0,0000000000;0,0000000000;0,0000000000;0,0000000000;
Supplier_258;$handling;0,0000000000;0,0000000000;0,0000000000;0,0000000000;0,0000000000;0,0000000000;0,0000000000;
Supplier_258;$storage;0,0000000000;0,0000000000;0,0000000000;0,0000000000;0,0000000000;0,0000000000;0,0000000000;
Supplier_259;$handling;0,0000000000;0,0000000000;0,0000000000;0,0000000000;0,0000000000;0,0000000000;0,0000000000;
Supplier_259;$storage;0,0000000000;0,0000000000;0,0000000000;0,0000000000;0,0000000000;0,0000000000;0,0000000000;
Supplier_260;$handling;0,0000000000;0,0000000000;0,0000000000;0,0000000000;0,0000000000;0,0000000000;0,0000000000;
Supplier_260;$storage;0,0000000000;0,0000000000;0,0000000000;0,0000000000;0,0000000000;0,0000000000;0,0000000000;
Supplier_261;$handling;0,0000000000;0,0000000000;0,0000000000;0,0000000000;0,0000000000;0,0000000000;0,0000000000;
Supplier_261;$storage;0,0000000000;0,0000000000;0,0000000000;0,0000000000;0,0000000000;0,0000000000;0,0000000000;
Supplier_262;$handling;0,0000000000;0,0000000000;0,0000000000;0,0000000000;0,0000000000;0,0000000000;0,0000000000;
Supplier_262;$storage;0,0000000000;0,0000000000;0,0000000000;0,0000000000;0,0000000000;0,0000000000;0,0000000000;
Supplier_263;$handling;0,0000000000;0,0000000000;0,0000000000;0,0000000000;0,0000000000;0,0000000000;0,0000000000;
Supplier_263;$storage;0,0000000000;0,0000000000;0,0000000000;0,0000000000;0,0000000000;0,0000000000;0,0000000000;
Supplier_264;$handling;0,0000000000;0,0000000000;0,0000000000;0,0000000000;0,0000000000;0,0000000000;0,0000000000;
Supplier_264;$storage;0,0000000000;0,0000000000;0,0000000000;0,0000000000;0,0000000000;0,0000000000;0,0000000000;
Supplier_265;$handling;0,0000000000;0,0000000000;0,0000000000;0,0000000000;0,0000000000;0,0000000000;0,0000000000;
Supplier_265;$storage;0,0000000000;0,0000000000;0,0000000000;0,0000000000;0,0000000000;0,0000000000;0,0000000000;
Supplier_266;$handling;0,0000000000;0,0000000000;0,0000000000;0,0000000000;0,0000000000;0,0000000000;0,0000000000;
Supplier_266;$storage;0,0000000000;0,0000000000;0,0000000000;0,0000000000;0,0000000000;0,0000000000;0,0000000000;
Supplier_267;$handling;0,0000000000;0,0000000000;0,0000000000;0,0000000000;0,0000000000;0,0000000000;0,0000000000;
Supplier_267;$storage;0,0000000000;0,0000000000;0,0000000000;0,0000000000;0,0000000000;0,0000000000;0,0000000000;
Supplier_268;$handling;0,0000000000;0,0000000000;0,0000000000;0,0000000000;0,0000000000;0,0000000000;0,0000000000;
Supplier_268;$storage;0,0000000000;0,0000000000;0,0000000000;0,0000000000;0,0000000000;0,0000000000;0,0000000000;
Supplier_269;$handling;0,0000000000;0,0000000000;0,0000000000;0,0000000000;0,0000000000;0,0000000000;0,0000000000;
Supplier_269;$storage;0,0000000000;0,0000000000;0,0000000000;0,0000000000;0,0000000000;0,0000000000;0,0000000000;
Supplier_270;$handling;0,0000000000;0,0000000000;0,0000000000;0,0000000000;0,0000000000;0,0000000000;0,0000000000;
Supplier_270;$storage;0,0000000000;0,0000000000;0,0000000000;0,0000000000;0,0000000000;0,0000000000;0,0000000000;
Supplier_271;$handling;0,0000000000;0,0000000000;0,0000000000;0,0000000000;0,0000000000;0,0000000000;0,0000000000;
Supplier_271;$storage;0,0000000000;0,0000000000;0,0000000000;0,0000000000;0,0000000000;0,0000000000;0,0000000000;
Supplier_272;$handling;0,0000000000;0,0000000000;0,0000000000;0,0000000000;0,0000000000;0,0000000000;0,0000000000;
Supplier_272;$storage;0,0000000000;0,0000000000;0,0000000000;0,0000000000;0,0000000000;0,0000000000;0,0000000000;
Supplier_273;$handling;0,0000000000;0,0000000000;0,0000000000;0,0000000000;0,0000000000;0,0000000000;0,0000000000;
Supplier_273;$storage;0,0000000000;0,0000000000;0,0000000000;0,0000000000;0,0000000000;0,0000000000;0,0000000000;
Supplier_274;$handling;0,0000000000;0,0000000000;0,0000000000;0,0000000000;0,0000000000;0,0000000000;0,0000000000;
Supplier_274;$storage;0,0000000000;0,0000000000;0,0000000000;0,0000000000;0,0000000000;0,0000000000;0,0000000000;
Supplier_275;$handling;0,0000000000;0,0000000000;0,0000000000;0,0000000000;0,0000000000;0,0000000000;0,0000000000;
Supplier_275;$storage;0,0000000000;0,0000000000;0,0000000000;0,0000000000;0,0000000000;0,0000000000;0,0000000000;
Supplier_276;$handling;0,0000000000;0,0000000000;0,0000000000;0,0000000000;0,0000000000;0,0000000000;0,0000000000;
Supplier_276;$storage;0,0000000000;0,0000000000;0,0000000000;0,0000000000;0,0000000000;0,0000000000;0,0000000000;
Supplier_277;$handling;0,0000000000;0,0000000000;0,0000000000;0,0000000000;0,0000000000;0,0000000000;0,0000000000;
Supplier_277;$storage;0,0000000000;0,0000000000;0,0000000000;0,0000000000;0,0000000000;0,0000000000;0,0000000000;
Supplier_278;$handling;0,0000000000;0,0000000000;0,0000000000;0,0000000000;0,0000000000;0,0000000000;0,0000000000;
Supplier_278;$storage;0,0000000000;0,0000000000;0,0000000000;0,0000000000;0,0000000000;0,0000000000;0,0000000000;
Supplier_279;$handling;0,0000000000;0,0000000000;0,0000000000;0,0000000000;0,0000000000;0,0000000000;0,0000000000;
Supplier_279;$storage;0,0000000000;0,0000000000;0,0000000000;0,0000000000;0,0000000000;0,0000000000;0,0000000000;
Supplier_280;$handling;0,0000000000;0,0000000000;0,0000000000;0,0000000000;0,0000000000;0,0000000000;0,0000000000;
Supplier_280;$storage;0,0000000000;0,0000000000;0,0000000000;0,0000000000;0,0000000000;0,0000000000;0,0000000000;
Supplier_281;$handling;0,0000000000;0,0000000000;0,0000000000;0,0000000000;0,0000000000;0,0000000000;0,0000000000;
Supplier_281;$storage;0,0000000000;0,0000000000;0,0000000000;0,0000000000;0,0000000000;0,0000000000;0,0000000000;
Supplier_282;$handling;0,0000000000;0,0000000000;0,0000000000;0,0000000000;0,0000000000;0,0000000000;0,0000000000;
Supplier_282;$storage;0,0000000000;0,0000000000;0,0000000000;0,0000000000;0,0000000000;0,0000000000;0,0000000000;
Supplier_283;$handling;0,0000000000;0,0000000000;0,0000000000;0,0000000000;0,0000000000;0,0000000000;0,0000000000;
Supplier_283;$storage;0,0000000000;0,0000000000;0,0000000000;0,0000000000;0,0000000000;0,0000000000;0,0000000000;
Supplier_284;$handling;0,0000000000;0,0000000000;0,0000000000;0,0000000000;0,0000000000;0,0000000000;0,0000000000;
Supplier_284;$storage;0,0000000000;0,0000000000;0,0000000000;0,0000000000;0,0000000000;0,0000000000;0,0000000000;
Supplier_285;$handling;0,0000000000;0,0000000000;0,0000000000;0,0000000000;0,0000000000;0,0000000000;0,0000000000;
Supplier_285;$storage;0,0000000000;0,0000000000;0,0000000000;0,0000000000;0,0000000000;0,0000000000;0,0000000000;
Supplier_286;$handling;0,0000000000;0,0000000000;0,0000000000;0,0000000000;0,0000000000;0,0000000000;0,0000000000;
Supplier_286;$storage;0,0000000000;0,0000000000;0,0000000000;0,0000000000;0,0000000000;0,0000000000;0,0000000000;
Supplier_287;$handling;0,0000000000;0,0000000000;0,0000000000;0,0000000000;0,0000000000;0,0000000000;0,0000000000;
Supplier_287;$storage;0,0000000000;0,0000000000;0,0000000000;0,0000000000;0,0000000000;0,0000000000;0,0000000000;
Supplier_288;$handling;0,0000000000;0,0000000000;0,0000000000;0,0000000000;0,0000000000;0,0000000000;0,0000000000;
Supplier_288;$storage;0,0000000000;0,0000000000;0,0000000000;0,0000000000;0,0000000000;0,0000000000;0,0000000000;
Supplier_289;$handling;0,0000000000;0,0000000000;0,0000000000;0,0000000000;0,0000000000;0,0000000000;0,0000000000;
Supplier_289;$storage;0,0000000000;0,0000000000;0,0000000000;0,0000000000;0,0000000000;0,0000000000;0,0000000000;
Supplier_290;$handling;0,0000000000;0,0000000000;0,0000000000;0,0000000000;0,0000000000;0,0000000000;0,0000000000;
Supplier_290;$storage;0,0000000000;0,0000000000;0,0000000000;0,0000000000;0,0000000000;0,0000000000;0,0000000000;
Supplier_291;$handling;0,0000000000;0,0000000000;0,0000000000;0,0000000000;0,0000000000;0,0000000000;0,0000000000;
Supplier_291;$storage;0,0000000000;0,0000000000;0,0000000000;0,0000000000;0,0000000000;0,0000000000;0,0000000000;
Supplier_292;$handling;0,0000000000;0,0000000000;0,0000000000;0,0000000000;0,0000000000;0,0000000000;0,0000000000;
Supplier_292;$storage;0,0000000000;0,0000000000;0,0000000000;0,0000000000;0,0000000000;0,0000000000;0,0000000000;
Supplier_293;$handling;0,0000000000;0,0000000000;0,0000000000;0,0000000000;0,0000000000;0,0000000000;0,0000000000;
Supplier_293;$storage;0,0000000000;0,0000000000;0,0000000000;0,0000000000;0,0000000000;0,0000000000;0,0000000000;
Supplier_294;$handling;0,0000000000;0,0000000000;0,0000000000;0,0000000000;0,0000000000;0,0000000000;0,0000000000;
Supplier_294;$storage;0,0000000000;0,0000000000;0,0000000000;0,0000000000;0,0000000000;0,0000000000;0,0000000000;
Supplier_295;$handling;0,0000000000;0,0000000000;0,0000000000;0,0000000000;0,0000000000;0,0000000000;0,0000000000;
Supplier_295;$storage;0,0000000000;0,0000000000;0,0000000000;0,0000000000;0,0000000000;0,0000000000;0,0000000000;
Supplier_296;$handling;0,0000000000;0,0000000000;0,0000000000;0,0000000000;0,0000000000;0,0000000000;0,0000000000;
Supplier_296;$storage;0,0000000000;0,0000000000;0,0000000000;0,0000000000;0,0000000000;0,0000000000;0,0000000000;
Supplier_297;$handling;0,0000000000;0,0000000000;0,0000000000;0,0000000000;0,0000000000;0,0000000000;0,0000000000;
Supplier_297;$storage;0,0000000000;0,0000000000;0,0000000000;0,0000000000;0,0000000000;0,0000000000;0,0000000000;
Supplier_298;$handling;0,0000000000;0,0000000000;0,0000000000;0,0000000000;0,0000000000;0,0000000000;0,0000000000;
Supplier_298;$storage;0,0000000000;0,0000000000;0,0000000000;0,0000000000;0,0000000000;0,0000000000;0,0000000000;
Supplier_299;$handling;0,0000000000;0,0000000000;0,0000000000;0,0000000000;0,0000000000;0,0000000000;0,0000000000;
Supplier_299;$storage;0,0000000000;0,0000000000;0,0000000000;0,0000000000;0,0000000000;0,0000000000;0,0000000000;
Supplier_300;$handling;0,0000000000;0,0000000000;0,0000000000;0,0000000000;0,0000000000;0,0000000000;0,0000000000;
Supplier_300;$storage;0,0000000000;0,0000000000;0,0000000000;0,0000000000;0,0000000000;0,0000000000;0,0000000000;
Supplier_301;$handling;0,0000000000;0,0000000000;0,0000000000;0,0000000000;0,0000000000;0,0000000000;0,0000000000;
Supplier_301;$storage;0,0000000000;0,0000000000;0,0000000000;0,0000000000;0,0000000000;0,0000000000;0,0000000000;
Supplier_302;$handling;0,0000000000;0,0000000000;0,0000000000;0,0000000000;0,0000000000;0,0000000000;0,0000000000;
Supplier_302;$storage;0,0000000000;0,0000000000;0,0000000000;0,0000000000;0,0000000000;0,0000000000;0,0000000000;
Supplier_303;$handling;0,0000000000;0,0000000000;0,0000000000;0,0000000000;0,0000000000;0,0000000000;0,0000000000;
Supplier_303;$storage;0,0000000000;0,0000000000;0,0000000000;0,0000000000;0,0000000000;0,0000000000;0,0000000000;
Supplier_304;$handling;0,0000000000;0,0000000000;0,0000000000;0,0000000000;0,0000000000;0,0000000000;0,0000000000;
Supplier_304;$storage;0,0000000000;0,0000000000;0,0000000000;0,0000000000;0,0000000000;0,0000000000;0,0000000000;
Supplier_305;$handling;0,0000000000;0,0000000000;0,0000000000;0,0000000000;0,0000000000;0,0000000000;0,0000000000;
Supplier_305;$storage;0,0000000000;0,0000000000;0,0000000000;0,0000000000;0,0000000000;0,0000000000;0,0000000000;
Supplier_306;$handling;0,0000000000;0,0000000000;0,0000000000;0,0000000000;0,0000000000;0,0000000000;0,0000000000;
Supplier_306;$storage;0,0000000000;0,0000000000;0,0000000000;0,0000000000;0,0000000000;0,0000000000;0,0000000000;
Supplier_307;$handling;0,0000000000;0,0000000000;0,0000000000;0,0000000000;0,0000000000;0,0000000000;0,0000000000;
Supplier_307;$storage;0,0000000000;0,0000000000;0,0000000000;0,0000000000;0,0000000000;0,0000000000;0,0000000000;
Supplier_308;$handling;0,0000000000;0,0000000000;0,0000000000;0,0000000000;0,0000000000;0,0000000000;0,0000000000;
Supplier_308;$storage;0,0000000000;0,0000000000;0,0000000000;0,0000000000;0,0000000000;0,0000000000;0,0000000000;
Supplier_309;$handling;0,0000000000;0,0000000000;0,0000000000;0,0000000000;0,0000000000;0,0000000000;0,0000000000;
Supplier_309;$storage;0,0000000000;0,0000000000;0,0000000000;0,0000000000;0,0000000000;0,0000000000;0,0000000000;
Supplier_310;$handling;0,0000000000;0,0000000000;0,0000000000;0,0000000000;0,0000000000;0,0000000000;0,0000000000;
Supplier_310;$storage;0,0000000000;0,0000000000;0,0000000000;0,0000000000;0,0000000000;0,0000000000;0,0000000000;
Supplier_311;$handling;0,0000000000;0,0000000000;0,0000000000;0,0000000000;0,0000000000;0,0000000000;0,0000000000;
Supplier_311;$storage;0,0000000000;0,0000000000;0,0000000000;0,0000000000;0,0000000000;0,0000000000;0,0000000000;
Supplier_312;$handling;0,0000000000;0,0000000000;0,0000000000;0,0000000000;0,0000000000;0,0000000000;0,0000000000;
Supplier_312;$storage;0,0000000000;0,0000000000;0,0000000000;0,0000000000;0,0000000000;0,0000000000;0,0000000000;
Supplier_313;$handling;0,0000000000;0,0000000000;0,0000000000;0,0000000000;0,0000000000;0,0000000000;0,0000000000;
Supplier_313;$storage;0,0000000000;0,0000000000;0,0000000000;0,0000000000;0,0000000000;0,0000000000;0,0000000000;
Supplier_314;$handling;0,0000000000;0,0000000000;0,0000000000;0,0000000000;0,0000000000;0,0000000000;0,0000000000;
Supplier_314;$storage;0,0000000000;0,0000000000;0,0000000000;0,0000000000;0,0000000000;0,0000000000;0,0000000000;
Supplier_315;$handling;0,0000000000;0,0000000000;0,0000000000;0,0000000000;0,0000000000;0,0000000000;0,0000000000;
Supplier_315;$storage;0,0000000000;0,0000000000;0,0000000000;0,0000000000;0,0000000000;0,0000000000;0,0000000000;
Supplier_316;$handling;0,0000000000;0,0000000000;0,0000000000;0,0000000000;0,0000000000;0,0000000000;0,0000000000;
Supplier_316;$storage;0,0000000000;0,0000000000;0,0000000000;0,0000000000;0,0000000000;0,0000000000;0,0000000000;
Supplier_317;$handling;0,0000000000;0,0000000000;0,0000000000;0,0000000000;0,0000000000;0,0000000000;0,0000000000;
Supplier_317;$storage;0,0000000000;0,0000000000;0,0000000000;0,0000000000;0,0000000000;0,0000000000;0,0000000000;
Supplier_318;$handling;0,0000000000;0,0000000000;0,0000000000;0,0000000000;0,0000000000;0,0000000000;0,0000000000;
Supplier_318;$storage;0,0000000000;0,0000000000;0,0000000000;0,0000000000;0,0000000000;0,0000000000;0,0000000000;
Supplier_319;$handling;0,0000000000;0,0000000000;0,0000000000;0,0000000000;0,0000000000;0,0000000000;0,0000000000;
Supplier_319;$storage;0,0000000000;0,0000000000;0,0000000000;0,0000000000;0,0000000000;0,0000000000;0,0000000000;
Supplier_320;$handling;0,0000000000;0,0000000000;0,0000000000;0,0000000000;0,0000000000;0,0000000000;0,0000000000;
Supplier_320;$storage;0,0000000000;0,0000000000;0,0000000000;0,0000000000;0,0000000000;0,0000000000;0,0000000000;
Supplier_321;$handling;0,0000000000;0,0000000000;0,0000000000;0,0000000000;0,0000000000;0,0000000000;0,0000000000;
Supplier_321;$storage;0,0000000000;0,0000000000;0,0000000000;0,0000000000;0,0000000000;0,0000000000;0,0000000000;
Supplier_322;$handling;0,0000000000;0,0000000000;0,0000000000;0,0000000000;0,0000000000;0,0000000000;0,0000000000;
Supplier_322;$storage;0,0000000000;0,0000000000;0,0000000000;0,0000000000;0,0000000000;0,0000000000;0,0000000000;
Supplier_323;$handling;0,0000000000;0,0000000000;0,0000000000;0,0000000000;0,0000000000;0,0000000000;0,0000000000;
Supplier_323;$storage;0,0000000000;0,0000000000;0,0000000000;0,0000000000;0,0000000000;0,0000000000;0,0000000000;
Supplier_324;$handling;0,0000000000;0,0000000000;0,0000000000;0,0000000000;0,0000000000;0,0000000000;0,0000000000;
Supplier_324;$storage;0,0000000000;0,0000000000;0,0000000000;0,0000000000;0,0000000000;0,0000000000;0,0000000000;
Supplier_325;$handling;0,0000000000;0,0000000000;0,0000000000;0,0000000000;0,0000000000;0,0000000000;0,0000000000;
Supplier_325;$storage;0,0000000000;0,0000000000;0,0000000000;0,0000000000;0,0000000000;0,0000000000;0,0000000000;
Supplier_326;$handling;0,0000000000;0,0000000000;0,0000000000;0,0000000000;0,0000000000;0,0000000000;0,0000000000;
Supplier_326;$storage;0,0000000000;0,0000000000;0,0000000000;0,0000000000;0,0000000000;0,0000000000;0,0000000000;
Supplier_327;$handling;0,0000000000;0,0000000000;0,0000000000;0,0000000000;0,0000000000;0,0000000000;0,0000000000;
Supplier_327;$storage;0,0000000000;0,0000000000;0,0000000000;0,0000000000;0,0000000000;0,0000000000;0,0000000000;
Supplier_328;$handling;0,0000000000;0,0000000000;0,0000000000;0,0000000000;0,0000000000;0,0000000000;0,0000000000;
Supplier_328;$storage;0,0000000000;0,0000000000;0,0000000000;0,0000000000;0,0000000000;0,0000000000;0,0000000000;
Supplier_329;$handling;0,0000000000;0,0000000000;0,0000000000;0,0000000000;0,0000000000;0,0000000000;0,0000000000;
Supplier_329;$storage;0,0000000000;0,0000000000;0,0000000000;0,0000000000;0,0000000000;0,0000000000;0,0000000000;
Supplier_330;$handling;0,0000000000;0,0000000000;0,0000000000;0,0000000000;0,0000000000;0,0000000000;0,0000000000;
Supplier_330;$storage;0,0000000000;0,0000000000;0,0000000000;0,0000000000;0,0000000000;0,0000000000;0,0000000000;
Supplier_331;$handling;0,0000000000;0,0000000000;0,0000000000;0,0000000000;0,0000000000;0,0000000000;0,0000000000;
Supplier_331;$storage;0,0000000000;0,0000000000;0,0000000000;0,0000000000;0,0000000000;0,0000000000;0,0000000000;
Supplier_332;$handling;0,0000000000;0,0000000000;0,0000000000;0,0000000000;0,0000000000;0,0000000000;0,0000000000;
Supplier_332;$storage;0,0000000000;0,0000000000;0,0000000000;0,0000000000;0,0000000000;0,0000000000;0,0000000000;
Supplier_333;$handling;0,0000000000;0,0000000000;0,0000000000;0,0000000000;0,0000000000;0,0000000000;0,0000000000;
Supplier_333;$storage;0,0000000000;0,0000000000;0,0000000000;0,0000000000;0,0000000000;0,0000000000;0,0000000000;
Supplier_334;$handling;0,0000000000;0,0000000000;0,0000000000;0,0000000000;0,0000000000;0,0000000000;0,0000000000;
Supplier_334;$storage;0,0000000000;0,0000000000;0,0000000000;0,0000000000;0,0000000000;0,0000000000;0,0000000000;
Supplier_335;$handling;0,0000000000;0,0000000000;0,0000000000;0,0000000000;0,0000000000;0,0000000000;0,0000000000;
Supplier_335;$storage;0,0000000000;0,0000000000;0,0000000000;0,0000000000;0,0000000000;0,0000000000;0,0000000000;
Supplier_336;$handling;0,0000000000;0,0000000000;0,0000000000;0,0000000000;0,0000000000;0,0000000000;0,0000000000;
Supplier_336;$storage;0,0000000000;0,0000000000;0,0000000000;0,0000000000;0,0000000000;0,0000000000;0,0000000000;
Supplier_337;$handling;0,0000000000;0,0000000000;0,0000000000;0,0000000000;0,0000000000;0,0000000000;0,0000000000;
Supplier_337;$storage;0,0000000000;0,0000000000;0,0000000000;0,0000000000;0,0000000000;0,0000000000;0,0000000000;
Supplier_338;$handling;0,0000000000;0,0000000000;0,0000000000;0,0000000000;0,0000000000;0,0000000000;0,0000000000;
Supplier_338;$storage;0,0000000000;0,0000000000;0,0000000000;0,0000000000;0,0000000000;0,0000000000;0,0000000000;
Supplier_339;$handling;0,0000000000;0,0000000000;0,0000000000;0,0000000000;0,0000000000;0,0000000000;0,0000000000;
Supplier_339;$storage;0,0000000000;0,0000000000;0,0000000000;0,0000000000;0,0000000000;0,0000000000;0,0000000000;
Supplier_340;$handling;0,0000000000;0,0000000000;0,0000000000;0,0000000000;0,0000000000;0,0000000000;0,0000000000;
Supplier_340;$storage;0,0000000000;0,0000000000;0,0000000000;0,0000000000;0,0000000000;0,0000000000;0,0000000000;
Supplier_341;$handling;0,0000000000;0,0000000000;0,0000000000;0,0000000000;0,0000000000;0,0000000000;0,0000000000;
Supplier_341;$storage;0,0000000000;0,0000000000;0,0000000000;0,0000000000;0,0000000000;0,0000000000;0,0000000000;
Supplier_342;$handling;0,0000000000;0,0000000000;0,0000000000;0,0000000000;0,0000000000;0,0000000000;0,0000000000;
Supplier_342;$storage;0,0000000000;0,0000000000;0,0000000000;0,0000000000;0,0000000000;0,0000000000;0,0000000000;
Supplier_343;$handling;0,0000000000;0,0000000000;0,0000000000;0,0000000000;0,0000000000;0,0000000000;0,0000000000;
Supplier_343;$storage;0,0000000000;0,0000000000;0,0000000000;0,0000000000;0,0000000000;0,0000000000;0,0000000000;
Supplier_344;$handling;0,0000000000;0,0000000000;0,0000000000;0,0000000000;0,0000000000;0,0000000000;0,0000000000;
Supplier_344;$storage;0,0000000000;0,0000000000;0,0000000000;0,0000000000;0,0000000000;0,0000000000;0,0000000000;
Supplier_345;$handling;0,0000000000;0,0000000000;0,0000000000;0,0000000000;0,0000000000;0,0000000000;0,0000000000;
Supplier_345;$storage;0,0000000000;0,0000000000;0,0000000000;0,0000000000;0,0000000000;0,0000000000;0,0000000000;
Supplier_346;$handling;0,0000000000;0,0000000000;0,0000000000;0,0000000000;0,0000000000;0,0000000000;0,0000000000;
Supplier_346;$storage;0,0000000000;0,0000000000;0,0000000000;0,0000000000;0,0000000000;0,0000000000;0,0000000000;
Supplier_347;$handling;0,0000000000;0,0000000000;0,0000000000;0,0000000000;0,0000000000;0,0000000000;0,0000000000;
Supplier_347;$storage;0,0000000000;0,0000000000;0,0000000000;0,0000000000;0,0000000000;0,0000000000;0,0000000000;
Supplier_348;$handling;0,0000000000;0,0000000000;0,0000000000;0,0000000000;0,0000000000;0,0000000000;0,0000000000;
Supplier_348;$storage;0,0000000000;0,0000000000;0,0000000000;0,0000000000;0,0000000000;0,0000000000;0,0000000000;
Supplier_349;$handling;0,0000000000;0,0000000000;0,0000000000;0,0000000000;0,0000000000;0,0000000000;0,0000000000;
Supplier_349;$storage;0,0000000000;0,0000000000;0,0000000000;0,0000000000;0,0000000000;0,0000000000;0,0000000000;
Supplier_350;$handling;0,0000000000;0,0000000000;0,0000000000;0,0000000000;0,0000000000;0,0000000000;0,0000000000;
Supplier_350;$storage;0,0000000000;0,0000000000;0,0000000000;0,0000000000;0,0000000000;0,0000000000;0,0000000000;
Supplier_351;$handling;0,0000000000;0,0000000000;0,0000000000;0,0000000000;0,0000000000;0,0000000000;0,0000000000;
Supplier_351;$storage;0,0000000000;0,0000000000;0,0000000000;0,0000000000;0,0000000000;0,0000000000;0,0000000000;
Supplier_352;$handling;0,0000000000;0,0000000000;0,0000000000;0,0000000000;0,0000000000;0,0000000000;0,0000000000;
Supplier_352;$storage;0,0000000000;0,0000000000;0,0000000000;0,0000000000;0,0000000000;0,0000000000;0,0000000000;
Supplier_353;$handling;0,0000000000;0,0000000000;0,0000000000;0,0000000000;0,0000000000;0,0000000000;0,0000000000;
Supplier_353;$storage;0,0000000000;0,0000000000;0,0000000000;0,0000000000;0,0000000000;0,0000000000;0,0000000000;
Supplier_354;$handling;0,0000000000;0,0000000000;0,0000000000;0,0000000000;0,0000000000;0,0000000000;0,0000000000;
Supplier_354;$storage;0,0000000000;0,0000000000;0,0000000000;0,0000000000;0,0000000000;0,0000000000;0,0000000000;
Supplier_355;$handling;0,0000000000;0,0000000000;0,0000000000;0,0000000000;0,0000000000;0,0000000000;0,0000000000;
Supplier_355;$storage;0,0000000000;0,0000000000;0,0000000000;0,0000000000;0,0000000000;0,0000000000;0,0000000000;
Supplier_356;$handling;0,0000000000;0,0000000000;0,0000000000;0,0000000000;0,0000000000;0,0000000000;0,0000000000;
Supplier_356;$storage;0,0000000000;0,0000000000;0,0000000000;0,0000000000;0,0000000000;0,0000000000;0,0000000000;
Supplier_357;$handling;0,0000000000;0,0000000000;0,0000000000;0,0000000000;0,0000000000;0,0000000000;0,0000000000;
Supplier_357;$storage;0,0000000000;0,0000000000;0,0000000000;0,0000000000;0,0000000000;0,0000000000;0,0000000000;
Supplier_358;$handling;0,0000000000;0,0000000000;0,0000000000;0,0000000000;0,0000000000;0,0000000000;0,0000000000;
Supplier_358;$storage;0,0000000000;0,0000000000;0,0000000000;0,0000000000;0,0000000000;0,0000000000;0,0000000000;
Supplier_359;$handling;0,0000000000;0,0000000000;0,0000000000;0,0000000000;0,0000000000;0,0000000000;0,0000000000;
Supplier_359;$storage;0,0000000000;0,0000000000;0,0000000000;0,0000000000;0,0000000000;0,0000000000;0,0000000000;
Supplier_360;$handling;0,0000000000;0,0000000000;0,0000000000;0,0000000000;0,0000000000;0,0000000000;0,0000000000;
Supplier_360;$storage;0,0000000000;0,0000000000;0,0000000000;0,0000000000;0,0000000000;0,0000000000;0,0000000000;
Supplier_361;$handling;0,0000000000;0,0000000000;0,0000000000;0,0000000000;0,0000000000;0,0000000000;0,0000000000;
Supplier_361;$storage;0,0000000000;0,0000000000;0,0000000000;0,0000000000;0,0000000000;0,0000000000;0,0000000000;
Supplier_362;$handling;0,0000000000;0,0000000000;0,0000000000;0,0000000000;0,0000000000;0,0000000000;0,0000000000;
Supplier_362;$storage;0,0000000000;0,0000000000;0,0000000000;0,0000000000;0,0000000000;0,0000000000;0,0000000000;
Supplier_363;$handling;0,0000000000;0,0000000000;0,0000000000;0,0000000000;0,0000000000;0,0000000000;0,0000000000;
Supplier_363;$storage;0,0000000000;0,0000000000;0,0000000000;0,0000000000;0,0000000000;0,0000000000;0,0000000000;
Supplier_364;$handling;0,0000000000;0,0000000000;0,0000000000;0,0000000000;0,0000000000;0,0000000000;0,0000000000;
Supplier_364;$storage;0,0000000000;0,0000000000;0,0000000000;0,0000000000;0,0000000000;0,0000000000;0,0000000000;
Supplier_365;$handling;0,0000000000;0,0000000000;0,0000000000;0,0000000000;0,0000000000;0,0000000000;0,0000000000;
Supplier_365;$storage;0,0000000000;0,0000000000;0,0000000000;0,0000000000;0,0000000000;0,0000000000;0,0000000000;
Supplier_366;$handling;0,0000000000;0,0000000000;0,0000000000;0,0000000000;0,0000000000;0,0000000000;0,0000000000;
Supplier_366;$storage;0,0000000000;0,0000000000;0,0000000000;0,0000000000;0,0000000000;0,0000000000;0,0000000000;
Supplier_367;$handling;0,0000000000;0,0000000000;0,0000000000;0,0000000000;0,0000000000;0,0000000000;0,0000000000;
Supplier_367;$storage;0,0000000000;0,0000000000;0,0000000000;0,0000000000;0,0000000000;0,0000000000;0,0000000000;
Supplier_368;$handling;0,0000000000;0,0000000000;0,0000000000;0,0000000000;0,0000000000;0,0000000000;0,0000000000;
Supplier_368;$storage;0,0000000000;0,0000000000;0,0000000000;0,0000000000;0,0000000000;0,0000000000;0,0000000000;
Supplier_369;$handling;0,0000000000;0,0000000000;0,0000000000;0,0000000000;0,0000000000;0,0000000000;0,0000000000;
Supplier_369;$storage;0,0000000000;0,0000000000;0,0000000000;0,0000000000;0,0000000000;0,0000000000;0,0000000000;
Supplier_370;$handling;0,0000000000;0,0000000000;0,0000000000;0,0000000000;0,0000000000;0,0000000000;0,0000000000;
Supplier_370;$storage;0,0000000000;0,0000000000;0,0000000000;0,0000000000;0,0000000000;0,0000000000;0,0000000000;
Supplier_371;$handling;0,0000000000;0,0000000000;0,0000000000;0,0000000000;0,0000000000;0,0000000000;0,0000000000;
Supplier_371;$storage;0,0000000000;0,0000000000;0,0000000000;0,0000000000;0,0000000000;0,0000000000;0,0000000000;
Supplier_372;$handling;0,0000000000;0,0000000000;0,0000000000;0,0000000000;0,0000000000;0,0000000000;0,0000000000;
Supplier_372;$storage;0,0000000000;0,0000000000;0,0000000000;0,0000000000;0,0000000000;0,0000000000;0,0000000000;
Supplier_373;$handling;0,0000000000;0,0000000000;0,0000000000;0,0000000000;0,0000000000;0,0000000000;0,0000000000;
Supplier_373;$storage;0,0000000000;0,0000000000;0,0000000000;0,0000000000;0,0000000000;0,0000000000;0,0000000000;
Supplier_374;$handling;0,0000000000;0,0000000000;0,0000000000;0,0000000000;0,0000000000;0,0000000000;0,0000000000;
Supplier_374;$storage;0,0000000000;0,0000000000;0,0000000000;0,0000000000;0,0000000000;0,0000000000;0,0000000000;
Supplier_375;$handling;0,0000000000;0,0000000000;0,0000000000;0,0000000000;0,0000000000;0,0000000000;0,0000000000;
Supplier_375;$storage;0,0000000000;0,0000000000;0,0000000000;0,0000000000;0,0000000000;0,0000000000;0,0000000000;
Supplier_376;$handling;0,0000000000;0,0000000000;0,0000000000;0,0000000000;0,0000000000;0,0000000000;0,0000000000;
Supplier_376;$storage;0,0000000000;0,0000000000;0,0000000000;0,0000000000;0,0000000000;0,0000000000;0,0000000000;
Supplier_377;$handling;0,0000000000;0,0000000000;0,0000000000;0,0000000000;0,0000000000;0,0000000000;0,0000000000;
Supplier_377;$storage;0,0000000000;0,0000000000;0,0000000000;0,0000000000;0,0000000000;0,0000000000;0,0000000000;
Supplier_378;$handling;0,0000000000;0,0000000000;0,0000000000;0,0000000000;0,0000000000;0,0000000000;0,0000000000;
Supplier_378;$storage;0,0000000000;0,0000000000;0,0000000000;0,0000000000;0,0000000000;0,0000000000;0,0000000000;
Supplier_379;$handling;0,0000000000;0,0000000000;0,0000000000;0,0000000000;0,0000000000;0,0000000000;0,0000000000;
Supplier_379;$storage;0,0000000000;0,0000000000;0,0000000000;0,0000000000;0,0000000000;0,0000000000;0,0000000000;
Supplier_380;$handling;0,0000000000;0,0000000000;0,0000000000;0,0000000000;0,0000000000;0,0000000000;0,0000000000;
Supplier_380;$storage;0,0000000000;0,0000000000;0,0000000000;0,0000000000;0,0000000000;0,0000000000;0,0000000000;
Supplier_381;$handling;0,0000000000;0,0000000000;0,0000000000;0,0000000000;0,0000000000;0,0000000000;0,0000000000;
Supplier_381;$storage;0,0000000000;0,0000000000;0,0000000000;0,0000000000;0,0000000000;0,0000000000;0,0000000000;
Supplier_382;$handling;0,0000000000;0,0000000000;0,0000000000;0,0000000000;0,0000000000;0,0000000000;0,0000000000;
Supplier_382;$storage;0,0000000000;0,0000000000;0,0000000000;0,0000000000;0,0000000000;0,0000000000;0,0000000000;
Supplier_383;$handling;0,0000000000;0,0000000000;0,0000000000;0,0000000000;0,0000000000;0,0000000000;0,0000000000;
Supplier_383;$storage;0,0000000000;0,0000000000;0,0000000000;0,0000000000;0,0000000000;0,0000000000;0,0000000000;
Supplier_384;$handling;0,0000000000;0,0000000000;0,0000000000;0,0000000000;0,0000000000;0,0000000000;0,0000000000;
Supplier_384;$storage;0,0000000000;0,0000000000;0,0000000000;0,0000000000;0,0000000000;0,0000000000;0,0000000000;
Supplier_385;$handling;0,0000000000;0,0000000000;0,0000000000;0,0000000000;0,0000000000;0,0000000000;0,0000000000;
Supplier_385;$storage;0,0000000000;0,0000000000;0,0000000000;0,0000000000;0,0000000000;0,0000000000;0,0000000000;
Supplier_386;$handling;0,0000000000;0,0000000000;0,0000000000;0,0000000000;0,0000000000;0,0000000000;0,0000000000;
Supplier_386;$storage;0,0000000000;0,0000000000;0,0000000000;0,0000000000;0,0000000000;0,0000000000;0,0000000000;
Supplier_387;$handling;0,0000000000;0,0000000000;0,0000000000;0,0000000000;0,0000000000;0,0000000000;0,0000000000;
Supplier_387;$storage;0,0000000000;0,0000000000;0,0000000000;0,0000000000;0,0000000000;0,0000000000;0,0000000000;
Supplier_388;$handling;0,0000000000;0,0000000000;0,0000000000;0,0000000000;0,0000000000;0,0000000000;0,0000000000;
Supplier_388;$storage;0,0000000000;0,0000000000;0,0000000000;0,0000000000;0,0000000000;0,0000000000;0,0000000000;
Supplier_389;$handling;0,0000000000;0,0000000000;0,0000000000;0,0000000000;0,0000000000;0,0000000000;0,0000000000;
Supplier_389;$storage;0,0000000000;0,0000000000;0,0000000000;0,0000000000;0,0000000000;0,0000000000;0,0000000000;
Supplier_390;$handling;0,0000000000;0,0000000000;0,0000000000;0,0000000000;0,0000000000;0,0000000000;0,0000000000;
Supplier_390;$storage;0,0000000000;0,0000000000;0,0000000000;0,0000000000;0,0000000000;0,0000000000;0,0000000000;
Supplier_391;$handling;0,0000000000;0,0000000000;0,0000000000;0,0000000000;0,0000000000;0,0000000000;0,0000000000;
Supplier_391;$storage;0,0000000000;0,0000000000;0,0000000000;0,0000000000;0,0000000000;0,0000000000;0,0000000000;
Supplier_392;$handling;0,0000000000;0,0000000000;0,0000000000;0,0000000000;0,0000000000;0,0000000000;0,0000000000;
Supplier_392;$storage;0,0000000000;0,0000000000;0,0000000000;0,0000000000;0,0000000000;0,0000000000;0,0000000000;
Supplier_393;$handling;0,0000000000;0,0000000000;0,0000000000;0,0000000000;0,0000000000;0,0000000000;0,0000000000;
Supplier_393;$storage;0,0000000000;0,0000000000;0,0000000000;0,0000000000;0,0000000000;0,0000000000;0,0000000000;
Supplier_394;$handling;0,0000000000;0,0000000000;0,0000000000;0,0000000000;0,0000000000;0,0000000000;0,0000000000;
Supplier_394;$storage;0,0000000000;0,0000000000;0,0000000000;0,0000000000;0,0000000000;0,0000000000;0,0000000000;
Supplier_395;$handling;0,0000000000;0,0000000000;0,0000000000;0,0000000000;0,0000000000;0,0000000000;0,0000000000;
Supplier_395;$storage;0,0000000000;0,0000000000;0,0000000000;0,0000000000;0,0000000000;0,0000000000;0,0000000000;
Supplier_396;$handling;0,0000000000;0,0000000000;0,0000000000;0,0000000000;0,0000000000;0,0000000000;0,0000000000;
Supplier_396;$storage;0,0000000000;0,0000000000;0,0000000000;0,0000000000;0,0000000000;0,0000000000;0,0000000000;
Supplier_397;$handling;0,0000000000;0,0000000000;0,0000000000;0,0000000000;0,0000000000;0,0000000000;0,0000000000;
Supplier_397;$storage;0,0000000000;0,0000000000;0,0000000000;0,0000000000;0,0000000000;0,0000000000;0,0000000000;
Supplier_398;$handling;0,0000000000;0,0000000000;0,0000000000;0,0000000000;0,0000000000;0,0000000000;0,0000000000;
Supplier_398;$storage;0,0000000000;0,0000000000;0,0000000000;0,0000000000;0,0000000000;0,0000000000;0,0000000000;
Supplier_399;$handling;0,0000000000;0,0000000000;0,0000000000;0,0000000000;0,0000000000;0,0000000000;0,0000000000;
Supplier_399;$storage;0,0000000000;0,0000000000;0,0000000000;0,0000000000;0,0000000000;0,0000000000;0,0000000000;
Supplier_400;$handling;0,0000000000;0,0000000000;0,0000000000;0,0000000000;0,0000000000;0,0000000000;0,0000000000;
Supplier_400;$storage;0,0000000000;0,0000000000;0,0000000000;0,0000000000;0,0000000000;0,0000000000;0,0000000000;
Hub_86;$handling;0,0000000000;3,5800000000;0,0000000000;0,0000000000;0,0000000000;0,0000000000;0,0000000000;
Hub_86;$storage;0,0000000000;0,0000000000;0,0000000000;0,0000000000;0,0000000000;0,0000000000;0,0000000000;
Hub_87;$handling;0,0000000000;3,2000000000;0,0000000000;0,0000000000;0,0000000000;0,0000000000;0,0000000000;
Hub_87;$storage;0,0000000000;0,0000000000;0,0000000000;0,0000000000;0,0000000000;0,0000000000;0,0000000000;
Hub_88;$handling;0,0000000000;3,4900000000;0,0000000000;0,0000000000;0,0000000000;0,0000000000;0,0000000000;
Hub_88;$storage;0,0000000000;0,0000000000;0,0000000000;0,0000000000;0,0000000000;0,0000000000;0,0000000000;
Hub_89;$handling;0,0000000000;3,3500000000;0,0000000000;0,0000000000;0,0000000000;0,0000000000;0,0000000000;
Hub_89;$storage;0,0000000000;0,0000000000;0,0000000000;0,0000000000;0,0000000000;0,0000000000;0,0000000000;
Hub_90;$handling;0,0000000000;3,4900000000;0,0000000000;0,0000000000;0,0000000000;0,0000000000;0,0000000000;
Hub_90;$storage;0,0000000000;0,0000000000;0,0000000000;0,0000000000;0,0000000000;0,0000000000;0,0000000000;
Plant_1;$handling;0,0000000000;0,0000000000;0,0000000000;0,0000000000;0,0000000000;0,0000000000;0,0000000000;
Plant_1;$storage;0,0000000000;0,0000000000;0,0000000000;0,0000000000;0,0000000000;0,0000000000;0,0000000000;
Plant_2;$handling;0,0000000000;0,0000000000;0,0000000000;0,0000000000;0,0000000000;0,0000000000;0,0000000000;
Plant_2;$storage;0,0000000000;0,0000000000;0,0000000000;0,0000000000;0,0000000000;0,0000000000;0,0000000000;
Plant_3;$handling;0,0000000000;0,0000000000;0,0000000000;0,0000000000;0,0000000000;0,0000000000;0,0000000000;
Plant_3;$storage;0,0000000000;0,0000000000;0,0000000000;0,0000000000;0,0000000000;0,0000000000;0,0000000000;
Plant_4;$handling;0,0000000000;0,0000000000;0,0000000000;0,0000000000;0,0000000000;0,0000000000;0,0000000000;
Plant_4;$storage;0,0000000000;0,0000000000;0,0000000000;0,0000000000;0,0000000000;0,0000000000;0,0000000000;
Plant_5;$handling;0,0000000000;0,0000000000;0,0000000000;0,0000000000;0,0000000000;0,0000000000;0,0000000000;
Plant_5;$storage;0,0000000000;0,0000000000;0,0000000000;0,0000000000;0,0000000000;0,0000000000;0,0000000000;
Plant_6;$handling;0,0000000000;0,0000000000;0,0000000000;0,0000000000;0,0000000000;0,0000000000;0,0000000000;
Plant_6;$storage;0,0000000000;0,0000000000;0,0000000000;0,0000000000;0,0000000000;0,0000000000;0,0000000000;
Plant_7;$handling;0,0000000000;0,0000000000;0,0000000000;0,0000000000;0,0000000000;0,0000000000;0,0000000000;
Plant_7;$storage;0,0000000000;0,0000000000;0,0000000000;0,0000000000;0,0000000000;0,0000000000;0,0000000000;
Plant_8;$handling;0,0000000000;0,0000000000;0,0000000000;0,0000000000;0,0000000000;0,0000000000;0,0000000000;
Plant_8;$storage;0,0000000000;0,0000000000;0,0000000000;0,0000000000;0,0000000000;0,0000000000;0,0000000000;
Plant_9;$handling;0,0000000000;0,0000000000;0,0000000000;0,0000000000;0,0000000000;0,0000000000;0,0000000000;
Plant_9;$storage;0,0000000000;0,0000000000;0,0000000000;0,0000000000;0,0000000000;0,0000000000;0,0000000000;
Plant_10;$handling;0,0000000000;0,0000000000;0,0000000000;0,0000000000;0,0000000000;0,0000000000;0,0000000000;
Plant_10;$storage;0,0000000000;0,0000000000;0,0000000000;0,0000000000;0,0000000000;0,0000000000;0,0000000000;
Plant_11;$handling;0,0000000000;0,0000000000;0,0000000000;0,0000000000;0,0000000000;0,0000000000;0,0000000000;
Plant_11;$storage;0,0000000000;0,0000000000;0,0000000000;0,0000000000;0,0000000000;0,0000000000;0,0000000000;
Plant_12;$handling;0,0000000000;0,0000000000;0,0000000000;0,0000000000;0,0000000000;0,0000000000;0,0000000000;
Plant_12;$storage;0,0000000000;0,0000000000;0,0000000000;0,0000000000;0,0000000000;0,0000000000;0,0000000000;
Plant_13;$handling;0,0000000000;0,0000000000;0,0000000000;0,0000000000;0,0000000000;0,0000000000;0,0000000000;
Plant_13;$storage;0,0000000000;0,0000000000;0,0000000000;0,0000000000;0,0000000000;0,0000000000;0,0000000000;
Plant_14;$handling;0,0000000000;0,0000000000;0,0000000000;0,0000000000;0,0000000000;0,0000000000;0,0000000000;
Plant_14;$storage;0,0000000000;0,0000000000;0,0000000000;0,0000000000;0,0000000000;0,0000000000;0,0000000000;
Plant_15;$handling;0,0000000000;0,0000000000;0,0000000000;0,0000000000;0,0000000000;0,0000000000;0,0000000000;
Plant_15;$storage;0,0000000000;0,0000000000;0,0000000000;0,0000000000;0,0000000000;0,0000000000;0,0000000000;
Plant_16;$handling;0,0000000000;0,0000000000;0,0000000000;0,0000000000;0,0000000000;0,0000000000;0,0000000000;
Plant_16;$storage;0,0000000000;0,0000000000;0,0000000000;0,0000000000;0,0000000000;0,0000000000;0,0000000000;
Plant_17;$handling;0,0000000000;0,0000000000;0,0000000000;0,0000000000;0,0000000000;0,0000000000;0,0000000000;
Plant_17;$storage;0,0000000000;0,0000000000;0,0000000000;0,0000000000;0,0000000000;0,0000000000;0,0000000000;
Plant_18;$handling;0,0000000000;0,0000000000;0,0000000000;0,0000000000;0,0000000000;0,0000000000;0,0000000000;
Plant_18;$storage;0,0000000000;0,0000000000;0,0000000000;0,0000000000;0,0000000000;0,0000000000;0,0000000000;
Plant_19;$handling;0,0000000000;0,0000000000;0,0000000000;0,0000000000;0,0000000000;0,0000000000;0,0000000000;
Plant_19;$storage;0,0000000000;0,0000000000;0,0000000000;0,0000000000;0,0000000000;0,0000000000;0,0000000000;
Plant_20;$handling;0,0000000000;0,0000000000;0,0000000000;0,0000000000;0,0000000000;0,0000000000;0,0000000000;
Plant_20;$storage;0,0000000000;0,0000000000;0,0000000000;0,0000000000;0,0000000000;0,0000000000;0,0000000000;
Plant_21;$handling;0,0000000000;0,0000000000;0,0000000000;0,0000000000;0,0000000000;0,0000000000;0,0000000000;
Plant_21;$storage;0,0000000000;0,0000000000;0,0000000000;0,0000000000;0,0000000000;0,0000000000;0,0000000000;
Plant_22;$handling;0,0000000000;0,0000000000;0,0000000000;0,0000000000;0,0000000000;0,0000000000;0,0000000000;
Plant_22;$storage;0,0000000000;0,0000000000;0,0000000000;0,0000000000;0,0000000000;0,0000000000;0,0000000000;
Plant_23;$handling;0,0000000000;0,0000000000;0,0000000000;0,0000000000;0,0000000000;0,0000000000;0,0000000000;
Plant_23;$storage;0,0000000000;0,0000000000;0,0000000000;0,0000000000;0,0000000000;0,0000000000;0,0000000000;
