#location_name;restr_type;kg;m3;LDM;LU;m2;AU;price
Supplier_1;$max_flow;$inf;$inf;$inf;$inf;$inf;$inf;$inf
Supplier_2;$max_flow;$inf;$inf;$inf;$inf;$inf;$inf;$inf
Supplier_3;$max_flow;$inf;$inf;$inf;$inf;$inf;$inf;$inf
Supplier_4;$max_flow;$inf;$inf;$inf;$inf;$inf;$inf;$inf
Supplier_5;$max_flow;$inf;$inf;$inf;$inf;$inf;$inf;$inf
Supplier_6;$max_flow;$inf;$inf;$inf;$inf;$inf;$inf;$inf
Supplier_7;$max_flow;$inf;$inf;$inf;$inf;$inf;$inf;$inf
Supplier_8;$max_flow;$inf;$inf;$inf;$inf;$inf;$inf;$inf
Supplier_9;$max_flow;$inf;$inf;$inf;$inf;$inf;$inf;$inf
Supplier_10;$max_flow;$inf;$inf;$inf;$inf;$inf;$inf;$inf
Supplier_11;$max_flow;$inf;$inf;$inf;$inf;$inf;$inf;$inf
Supplier_12;$max_flow;$inf;$inf;$inf;$inf;$inf;$inf;$inf
Supplier_13;$max_flow;$inf;$inf;$inf;$inf;$inf;$inf;$inf
Supplier_14;$max_flow;$inf;$inf;$inf;$inf;$inf;$inf;$inf
Supplier_15;$max_flow;$inf;$inf;$inf;$inf;$inf;$inf;$inf
Supplier_16;$max_flow;$inf;$inf;$inf;$inf;$inf;$inf;$inf
Supplier_17;$max_flow;$inf;$inf;$inf;$inf;$inf;$inf;$inf
Supplier_18;$max_flow;$inf;$inf;$inf;$inf;$inf;$inf;$inf
Supplier_19;$max_flow;$inf;$inf;$inf;$inf;$inf;$inf;$inf
Supplier_20;$max_flow;$inf;$inf;$inf;$inf;$inf;$inf;$inf
Supplier_21;$max_flow;$inf;$inf;$inf;$inf;$inf;$inf;$inf
Supplier_22;$max_flow;$inf;$inf;$inf;$inf;$inf;$inf;$inf
Supplier_23;$max_flow;$inf;$inf;$inf;$inf;$inf;$inf;$inf
Supplier_24;$max_flow;$inf;$inf;$inf;$inf;$inf;$inf;$inf
Supplier_25;$max_flow;$inf;$inf;$inf;$inf;$inf;$inf;$inf
Supplier_26;$max_flow;$inf;$inf;$inf;$inf;$inf;$inf;$inf
Supplier_27;$max_flow;$inf;$inf;$inf;$inf;$inf;$inf;$inf
Supplier_28;$max_flow;$inf;$inf;$inf;$inf;$inf;$inf;$inf
Supplier_29;$max_flow;$inf;$inf;$inf;$inf;$inf;$inf;$inf
Supplier_30;$max_flow;$inf;$inf;$inf;$inf;$inf;$inf;$inf
Supplier_31;$max_flow;$inf;$inf;$inf;$inf;$inf;$inf;$inf
Supplier_32;$max_flow;$inf;$inf;$inf;$inf;$inf;$inf;$inf
Supplier_33;$max_flow;$inf;$inf;$inf;$inf;$inf;$inf;$inf
Supplier_34;$max_flow;$inf;$inf;$inf;$inf;$inf;$inf;$inf
Supplier_35;$max_flow;$inf;$inf;$inf;$inf;$inf;$inf;$inf
Supplier_36;$max_flow;$inf;$inf;$inf;$inf;$inf;$inf;$inf
Supplier_37;$max_flow;$inf;$inf;$inf;$inf;$inf;$inf;$inf
Supplier_38;$max_flow;$inf;$inf;$inf;$inf;$inf;$inf;$inf
Supplier_39;$max_flow;$inf;$inf;$inf;$inf;$inf;$inf;$inf
Supplier_40;$max_flow;$inf;$inf;$inf;$inf;$inf;$inf;$inf
Supplier_41;$max_flow;$inf;$inf;$inf;$inf;$inf;$inf;$inf
Supplier_42;$max_flow;$inf;$inf;$inf;$inf;$inf;$inf;$inf
Supplier_43;$max_flow;$inf;$inf;$inf;$inf;$inf;$inf;$inf
Supplier_44;$max_flow;$inf;$inf;$inf;$inf;$inf;$inf;$inf
Supplier_45;$max_flow;$inf;$inf;$inf;$inf;$inf;$inf;$inf
Supplier_46;$max_flow;$inf;$inf;$inf;$inf;$inf;$inf;$inf
Supplier_47;$max_flow;$inf;$inf;$inf;$inf;$inf;$inf;$inf
Supplier_48;$max_flow;$inf;$inf;$inf;$inf;$inf;$inf;$inf
Supplier_49;$max_flow;$inf;$inf;$inf;$inf;$inf;$inf;$inf
Supplier_50;$max_flow;$inf;$inf;$inf;$inf;$inf;$inf;$inf
Supplier_51;$max_flow;$inf;$inf;$inf;$inf;$inf;$inf;$inf
Supplier_52;$max_flow;$inf;$inf;$inf;$inf;$inf;$inf;$inf
Supplier_53;$max_flow;$inf;$inf;$inf;$inf;$inf;$inf;$inf
Supplier_54;$max_flow;$inf;$inf;$inf;$inf;$inf;$inf;$inf
Supplier_55;$max_flow;$inf;$inf;$inf;$inf;$inf;$inf;$inf
Supplier_56;$max_flow;$inf;$inf;$inf;$inf;$inf;$inf;$inf
Supplier_57;$max_flow;$inf;$inf;$inf;$inf;$inf;$inf;$inf
Supplier_58;$max_flow;$inf;$inf;$inf;$inf;$inf;$inf;$inf
Supplier_59;$max_flow;$inf;$inf;$inf;$inf;$inf;$inf;$inf
Supplier_60;$max_flow;$inf;$inf;$inf;$inf;$inf;$inf;$inf
Supplier_61;$max_flow;$inf;$inf;$inf;$inf;$inf;$inf;$inf
Supplier_62;$max_flow;$inf;$inf;$inf;$inf;$inf;$inf;$inf
Supplier_63;$max_flow;$inf;$inf;$inf;$inf;$inf;$inf;$inf
Supplier_64;$max_flow;$inf;$inf;$inf;$inf;$inf;$inf;$inf
Supplier_65;$max_flow;$inf;$inf;$inf;$inf;$inf;$inf;$inf
Supplier_66;$max_flow;$inf;$inf;$inf;$inf;$inf;$inf;$inf
Supplier_67;$max_flow;$inf;$inf;$inf;$inf;$inf;$inf;$inf
Supplier_68;$max_flow;$inf;$inf;$inf;$inf;$inf;$inf;$inf
Supplier_69;$max_flow;$inf;$inf;$inf;$inf;$inf;$inf;$inf
Supplier_70;$max_flow;$inf;$inf;$inf;$inf;$inf;$inf;$inf
Supplier_71;$max_flow;$inf;$inf;$inf;$inf;$inf;$inf;$inf
Supplier_72;$max_flow;$inf;$inf;$inf;$inf;$inf;$inf;$inf
Supplier_73;$max_flow;$inf;$inf;$inf;$inf;$inf;$inf;$inf
Supplier_74;$max_flow;$inf;$inf;$inf;$inf;$inf;$inf;$inf
Supplier_75;$max_flow;$inf;$inf;$inf;$inf;$inf;$inf;$inf
Supplier_76;$max_flow;$inf;$inf;$inf;$inf;$inf;$inf;$inf
Supplier_77;$max_flow;$inf;$inf;$inf;$inf;$inf;$inf;$inf
Supplier_78;$max_flow;$inf;$inf;$inf;$inf;$inf;$inf;$inf
Supplier_79;$max_flow;$inf;$inf;$inf;$inf;$inf;$inf;$inf
Supplier_80;$max_flow;$inf;$inf;$inf;$inf;$inf;$inf;$inf
Supplier_81;$max_flow;$inf;$inf;$inf;$inf;$inf;$inf;$inf
Supplier_82;$max_flow;$inf;$inf;$inf;$inf;$inf;$inf;$inf
Supplier_83;$max_flow;$inf;$inf;$inf;$inf;$inf;$inf;$inf
Supplier_84;$max_flow;$inf;$inf;$inf;$inf;$inf;$inf;$inf
Supplier_85;$max_flow;$inf;$inf;$inf;$inf;$inf;$inf;$inf
Supplier_86;$max_flow;$inf;$inf;$inf;$inf;$inf;$inf;$inf
Supplier_87;$max_flow;$inf;$inf;$inf;$inf;$inf;$inf;$inf
Supplier_88;$max_flow;$inf;$inf;$inf;$inf;$inf;$inf;$inf
Supplier_89;$max_flow;$inf;$inf;$inf;$inf;$inf;$inf;$inf
Supplier_90;$max_flow;$inf;$inf;$inf;$inf;$inf;$inf;$inf
Supplier_91;$max_flow;$inf;$inf;$inf;$inf;$inf;$inf;$inf
Supplier_92;$max_flow;$inf;$inf;$inf;$inf;$inf;$inf;$inf
Supplier_93;$max_flow;$inf;$inf;$inf;$inf;$inf;$inf;$inf
Supplier_94;$max_flow;$inf;$inf;$inf;$inf;$inf;$inf;$inf
Supplier_95;$max_flow;$inf;$inf;$inf;$inf;$inf;$inf;$inf
Supplier_96;$max_flow;$inf;$inf;$inf;$inf;$inf;$inf;$inf
Supplier_97;$max_flow;$inf;$inf;$inf;$inf;$inf;$inf;$inf
Supplier_98;$max_flow;$inf;$inf;$inf;$inf;$inf;$inf;$inf
Supplier_99;$max_flow;$inf;$inf;$inf;$inf;$inf;$inf;$inf
Supplier_100;$max_flow;$inf;$inf;$inf;$inf;$inf;$inf;$inf
Supplier_101;$max_flow;$inf;$inf;$inf;$inf;$inf;$inf;$inf
Supplier_102;$max_flow;$inf;$inf;$inf;$inf;$inf;$inf;$inf
Supplier_103;$max_flow;$inf;$inf;$inf;$inf;$inf;$inf;$inf
Supplier_104;$max_flow;$inf;$inf;$inf;$inf;$inf;$inf;$inf
Supplier_105;$max_flow;$inf;$inf;$inf;$inf;$inf;$inf;$inf
Supplier_106;$max_flow;$inf;$inf;$inf;$inf;$inf;$inf;$inf
Supplier_107;$max_flow;$inf;$inf;$inf;$inf;$inf;$inf;$inf
Supplier_108;$max_flow;$inf;$inf;$inf;$inf;$inf;$inf;$inf
Supplier_109;$max_flow;$inf;$inf;$inf;$inf;$inf;$inf;$inf
Supplier_110;$max_flow;$inf;$inf;$inf;$inf;$inf;$inf;$inf
Supplier_111;$max_flow;$inf;$inf;$inf;$inf;$inf;$inf;$inf
Supplier_112;$max_flow;$inf;$inf;$inf;$inf;$inf;$inf;$inf
Supplier_113;$max_flow;$inf;$inf;$inf;$inf;$inf;$inf;$inf
Supplier_114;$max_flow;$inf;$inf;$inf;$inf;$inf;$inf;$inf
Supplier_115;$max_flow;$inf;$inf;$inf;$inf;$inf;$inf;$inf
Supplier_116;$max_flow;$inf;$inf;$inf;$inf;$inf;$inf;$inf
Supplier_117;$max_flow;$inf;$inf;$inf;$inf;$inf;$inf;$inf
Supplier_118;$max_flow;$inf;$inf;$inf;$inf;$inf;$inf;$inf
Supplier_119;$max_flow;$inf;$inf;$inf;$inf;$inf;$inf;$inf
Supplier_120;$max_flow;$inf;$inf;$inf;$inf;$inf;$inf;$inf
Supplier_121;$max_flow;$inf;$inf;$inf;$inf;$inf;$inf;$inf
Supplier_122;$max_flow;$inf;$inf;$inf;$inf;$inf;$inf;$inf
Supplier_123;$max_flow;$inf;$inf;$inf;$inf;$inf;$inf;$inf
Supplier_124;$max_flow;$inf;$inf;$inf;$inf;$inf;$inf;$inf
Supplier_125;$max_flow;$inf;$inf;$inf;$inf;$inf;$inf;$inf
Supplier_126;$max_flow;$inf;$inf;$inf;$inf;$inf;$inf;$inf
Supplier_127;$max_flow;$inf;$inf;$inf;$inf;$inf;$inf;$inf
Supplier_128;$max_flow;$inf;$inf;$inf;$inf;$inf;$inf;$inf
Supplier_129;$max_flow;$inf;$inf;$inf;$inf;$inf;$inf;$inf
Supplier_130;$max_flow;$inf;$inf;$inf;$inf;$inf;$inf;$inf
Supplier_131;$max_flow;$inf;$inf;$inf;$inf;$inf;$inf;$inf
Supplier_132;$max_flow;$inf;$inf;$inf;$inf;$inf;$inf;$inf
Supplier_133;$max_flow;$inf;$inf;$inf;$inf;$inf;$inf;$inf
Supplier_134;$max_flow;$inf;$inf;$inf;$inf;$inf;$inf;$inf
Supplier_135;$max_flow;$inf;$inf;$inf;$inf;$inf;$inf;$inf
Supplier_136;$max_flow;$inf;$inf;$inf;$inf;$inf;$inf;$inf
Supplier_137;$max_flow;$inf;$inf;$inf;$inf;$inf;$inf;$inf
Supplier_138;$max_flow;$inf;$inf;$inf;$inf;$inf;$inf;$inf
Supplier_139;$max_flow;$inf;$inf;$inf;$inf;$inf;$inf;$inf
Supplier_140;$max_flow;$inf;$inf;$inf;$inf;$inf;$inf;$inf
Supplier_141;$max_flow;$inf;$inf;$inf;$inf;$inf;$inf;$inf
Supplier_142;$max_flow;$inf;$inf;$inf;$inf;$inf;$inf;$inf
Supplier_143;$max_flow;$inf;$inf;$inf;$inf;$inf;$inf;$inf
Supplier_144;$max_flow;$inf;$inf;$inf;$inf;$inf;$inf;$inf
Supplier_145;$max_flow;$inf;$inf;$inf;$inf;$inf;$inf;$inf
Supplier_146;$max_flow;$inf;$inf;$inf;$inf;$inf;$inf;$inf
Supplier_147;$max_flow;$inf;$inf;$inf;$inf;$inf;$inf;$inf
Supplier_148;$max_flow;$inf;$inf;$inf;$inf;$inf;$inf;$inf
Supplier_149;$max_flow;$inf;$inf;$inf;$inf;$inf;$inf;$inf
Supplier_150;$max_flow;$inf;$inf;$inf;$inf;$inf;$inf;$inf
Supplier_151;$max_flow;$inf;$inf;$inf;$inf;$inf;$inf;$inf
Supplier_152;$max_flow;$inf;$inf;$inf;$inf;$inf;$inf;$inf
Supplier_153;$max_flow;$inf;$inf;$inf;$inf;$inf;$inf;$inf
Supplier_154;$max_flow;$inf;$inf;$inf;$inf;$inf;$inf;$inf
Supplier_155;$max_flow;$inf;$inf;$inf;$inf;$inf;$inf;$inf
Supplier_156;$max_flow;$inf;$inf;$inf;$inf;$inf;$inf;$inf
Supplier_157;$max_flow;$inf;$inf;$inf;$inf;$inf;$inf;$inf
Supplier_158;$max_flow;$inf;$inf;$inf;$inf;$inf;$inf;$inf
Supplier_159;$max_flow;$inf;$inf;$inf;$inf;$inf;$inf;$inf
Supplier_160;$max_flow;$inf;$inf;$inf;$inf;$inf;$inf;$inf
Supplier_161;$max_flow;$inf;$inf;$inf;$inf;$inf;$inf;$inf
Supplier_162;$max_flow;$inf;$inf;$inf;$inf;$inf;$inf;$inf
Supplier_163;$max_flow;$inf;$inf;$inf;$inf;$inf;$inf;$inf
Supplier_164;$max_flow;$inf;$inf;$inf;$inf;$inf;$inf;$inf
Supplier_165;$max_flow;$inf;$inf;$inf;$inf;$inf;$inf;$inf
Supplier_166;$max_flow;$inf;$inf;$inf;$inf;$inf;$inf;$inf
Supplier_167;$max_flow;$inf;$inf;$inf;$inf;$inf;$inf;$inf
Supplier_168;$max_flow;$inf;$inf;$inf;$inf;$inf;$inf;$inf
Supplier_169;$max_flow;$inf;$inf;$inf;$inf;$inf;$inf;$inf
Supplier_170;$max_flow;$inf;$inf;$inf;$inf;$inf;$inf;$inf
Supplier_171;$max_flow;$inf;$inf;$inf;$inf;$inf;$inf;$inf
Supplier_172;$max_flow;$inf;$inf;$inf;$inf;$inf;$inf;$inf
Supplier_173;$max_flow;$inf;$inf;$inf;$inf;$inf;$inf;$inf
Supplier_174;$max_flow;$inf;$inf;$inf;$inf;$inf;$inf;$inf
Supplier_175;$max_flow;$inf;$inf;$inf;$inf;$inf;$inf;$inf
Supplier_176;$max_flow;$inf;$inf;$inf;$inf;$inf;$inf;$inf
Supplier_177;$max_flow;$inf;$inf;$inf;$inf;$inf;$inf;$inf
Supplier_178;$max_flow;$inf;$inf;$inf;$inf;$inf;$inf;$inf
Supplier_179;$max_flow;$inf;$inf;$inf;$inf;$inf;$inf;$inf
Supplier_180;$max_flow;$inf;$inf;$inf;$inf;$inf;$inf;$inf
Supplier_181;$max_flow;$inf;$inf;$inf;$inf;$inf;$inf;$inf
Supplier_182;$max_flow;$inf;$inf;$inf;$inf;$inf;$inf;$inf
Supplier_183;$max_flow;$inf;$inf;$inf;$inf;$inf;$inf;$inf
Supplier_184;$max_flow;$inf;$inf;$inf;$inf;$inf;$inf;$inf
Supplier_185;$max_flow;$inf;$inf;$inf;$inf;$inf;$inf;$inf
Supplier_186;$max_flow;$inf;$inf;$inf;$inf;$inf;$inf;$inf
Supplier_187;$max_flow;$inf;$inf;$inf;$inf;$inf;$inf;$inf
Supplier_188;$max_flow;$inf;$inf;$inf;$inf;$inf;$inf;$inf
Supplier_189;$max_flow;$inf;$inf;$inf;$inf;$inf;$inf;$inf
Supplier_190;$max_flow;$inf;$inf;$inf;$inf;$inf;$inf;$inf
Supplier_191;$max_flow;$inf;$inf;$inf;$inf;$inf;$inf;$inf
Supplier_192;$max_flow;$inf;$inf;$inf;$inf;$inf;$inf;$inf
Supplier_193;$max_flow;$inf;$inf;$inf;$inf;$inf;$inf;$inf
Supplier_194;$max_flow;$inf;$inf;$inf;$inf;$inf;$inf;$inf
Supplier_195;$max_flow;$inf;$inf;$inf;$inf;$inf;$inf;$inf
Supplier_196;$max_flow;$inf;$inf;$inf;$inf;$inf;$inf;$inf
Supplier_197;$max_flow;$inf;$inf;$inf;$inf;$inf;$inf;$inf
Supplier_198;$max_flow;$inf;$inf;$inf;$inf;$inf;$inf;$inf
Supplier_199;$max_flow;$inf;$inf;$inf;$inf;$inf;$inf;$inf
Supplier_200;$max_flow;$inf;$inf;$inf;$inf;$inf;$inf;$inf
Supplier_201;$max_flow;$inf;$inf;$inf;$inf;$inf;$inf;$inf
Supplier_202;$max_flow;$inf;$inf;$inf;$inf;$inf;$inf;$inf
Supplier_203;$max_flow;$inf;$inf;$inf;$inf;$inf;$inf;$inf
Supplier_204;$max_flow;$inf;$inf;$inf;$inf;$inf;$inf;$inf
Supplier_205;$max_flow;$inf;$inf;$inf;$inf;$inf;$inf;$inf
Supplier_206;$max_flow;$inf;$inf;$inf;$inf;$inf;$inf;$inf
Supplier_207;$max_flow;$inf;$inf;$inf;$inf;$inf;$inf;$inf
Supplier_208;$max_flow;$inf;$inf;$inf;$inf;$inf;$inf;$inf
Supplier_209;$max_flow;$inf;$inf;$inf;$inf;$inf;$inf;$inf
Supplier_210;$max_flow;$inf;$inf;$inf;$inf;$inf;$inf;$inf
Supplier_211;$max_flow;$inf;$inf;$inf;$inf;$inf;$inf;$inf
Supplier_212;$max_flow;$inf;$inf;$inf;$inf;$inf;$inf;$inf
Supplier_213;$max_flow;$inf;$inf;$inf;$inf;$inf;$inf;$inf
Supplier_214;$max_flow;$inf;$inf;$inf;$inf;$inf;$inf;$inf
Supplier_215;$max_flow;$inf;$inf;$inf;$inf;$inf;$inf;$inf
Supplier_216;$max_flow;$inf;$inf;$inf;$inf;$inf;$inf;$inf
Supplier_217;$max_flow;$inf;$inf;$inf;$inf;$inf;$inf;$inf
Supplier_218;$max_flow;$inf;$inf;$inf;$inf;$inf;$inf;$inf
Supplier_219;$max_flow;$inf;$inf;$inf;$inf;$inf;$inf;$inf
Supplier_220;$max_flow;$inf;$inf;$inf;$inf;$inf;$inf;$inf
Supplier_221;$max_flow;$inf;$inf;$inf;$inf;$inf;$inf;$inf
Supplier_222;$max_flow;$inf;$inf;$inf;$inf;$inf;$inf;$inf
Supplier_223;$max_flow;$inf;$inf;$inf;$inf;$inf;$inf;$inf
Supplier_224;$max_flow;$inf;$inf;$inf;$inf;$inf;$inf;$inf
Supplier_225;$max_flow;$inf;$inf;$inf;$inf;$inf;$inf;$inf
Supplier_226;$max_flow;$inf;$inf;$inf;$inf;$inf;$inf;$inf
Supplier_227;$max_flow;$inf;$inf;$inf;$inf;$inf;$inf;$inf
Supplier_228;$max_flow;$inf;$inf;$inf;$inf;$inf;$inf;$inf
Supplier_229;$max_flow;$inf;$inf;$inf;$inf;$inf;$inf;$inf
Supplier_230;$max_flow;$inf;$inf;$inf;$inf;$inf;$inf;$inf
Supplier_231;$max_flow;$inf;$inf;$inf;$inf;$inf;$inf;$inf
Supplier_232;$max_flow;$inf;$inf;$inf;$inf;$inf;$inf;$inf
Supplier_233;$max_flow;$inf;$inf;$inf;$inf;$inf;$inf;$inf
Supplier_234;$max_flow;$inf;$inf;$inf;$inf;$inf;$inf;$inf
Supplier_235;$max_flow;$inf;$inf;$inf;$inf;$inf;$inf;$inf
Supplier_236;$max_flow;$inf;$inf;$inf;$inf;$inf;$inf;$inf
Supplier_237;$max_flow;$inf;$inf;$inf;$inf;$inf;$inf;$inf
Supplier_238;$max_flow;$inf;$inf;$inf;$inf;$inf;$inf;$inf
Supplier_239;$max_flow;$inf;$inf;$inf;$inf;$inf;$inf;$inf
Supplier_240;$max_flow;$inf;$inf;$inf;$inf;$inf;$inf;$inf
Supplier_241;$max_flow;$inf;$inf;$inf;$inf;$inf;$inf;$inf
Supplier_242;$max_flow;$inf;$inf;$inf;$inf;$inf;$inf;$inf
Supplier_243;$max_flow;$inf;$inf;$inf;$inf;$inf;$inf;$inf
Supplier_244;$max_flow;$inf;$inf;$inf;$inf;$inf;$inf;$inf
Supplier_245;$max_flow;$inf;$inf;$inf;$inf;$inf;$inf;$inf
Supplier_246;$max_flow;$inf;$inf;$inf;$inf;$inf;$inf;$inf
Supplier_247;$max_flow;$inf;$inf;$inf;$inf;$inf;$inf;$inf
Supplier_248;$max_flow;$inf;$inf;$inf;$inf;$inf;$inf;$inf
Supplier_249;$max_flow;$inf;$inf;$inf;$inf;$inf;$inf;$inf
Supplier_250;$max_flow;$inf;$inf;$inf;$inf;$inf;$inf;$inf
Supplier_251;$max_flow;$inf;$inf;$inf;$inf;$inf;$inf;$inf
Supplier_252;$max_flow;$inf;$inf;$inf;$inf;$inf;$inf;$inf
Supplier_253;$max_flow;$inf;$inf;$inf;$inf;$inf;$inf;$inf
Supplier_254;$max_flow;$inf;$inf;$inf;$inf;$inf;$inf;$inf
Supplier_255;$max_flow;$inf;$inf;$inf;$inf;$inf;$inf;$inf
Supplier_256;$max_flow;$inf;$inf;$inf;$inf;$inf;$inf;$inf
Supplier_257;$max_flow;$inf;$inf;$inf;$inf;$inf;$inf;$inf
Supplier_258;$max_flow;$inf;$inf;$inf;$inf;$inf;$inf;$inf
Supplier_259;$max_flow;$inf;$inf;$inf;$inf;$inf;$inf;$inf
Supplier_260;$max_flow;$inf;$inf;$inf;$inf;$inf;$inf;$inf
Supplier_261;$max_flow;$inf;$inf;$inf;$inf;$inf;$inf;$inf
Supplier_262;$max_flow;$inf;$inf;$inf;$inf;$inf;$inf;$inf
Supplier_263;$max_flow;$inf;$inf;$inf;$inf;$inf;$inf;$inf
Supplier_264;$max_flow;$inf;$inf;$inf;$inf;$inf;$inf;$inf
Supplier_265;$max_flow;$inf;$inf;$inf;$inf;$inf;$inf;$inf
Supplier_266;$max_flow;$inf;$inf;$inf;$inf;$inf;$inf;$inf
Supplier_267;$max_flow;$inf;$inf;$inf;$inf;$inf;$inf;$inf
Supplier_268;$max_flow;$inf;$inf;$inf;$inf;$inf;$inf;$inf
Supplier_269;$max_flow;$inf;$inf;$inf;$inf;$inf;$inf;$inf
Supplier_270;$max_flow;$inf;$inf;$inf;$inf;$inf;$inf;$inf
Supplier_271;$max_flow;$inf;$inf;$inf;$inf;$inf;$inf;$inf
Supplier_272;$max_flow;$inf;$inf;$inf;$inf;$inf;$inf;$inf
Supplier_273;$max_flow;$inf;$inf;$inf;$inf;$inf;$inf;$inf
Supplier_274;$max_flow;$inf;$inf;$inf;$inf;$inf;$inf;$inf
Supplier_275;$max_flow;$inf;$inf;$inf;$inf;$inf;$inf;$inf
Supplier_276;$max_flow;$inf;$inf;$inf;$inf;$inf;$inf;$inf
Supplier_277;$max_flow;$inf;$inf;$inf;$inf;$inf;$inf;$inf
Supplier_278;$max_flow;$inf;$inf;$inf;$inf;$inf;$inf;$inf
Supplier_279;$max_flow;$inf;$inf;$inf;$inf;$inf;$inf;$inf
Supplier_280;$max_flow;$inf;$inf;$inf;$inf;$inf;$inf;$inf
Supplier_281;$max_flow;$inf;$inf;$inf;$inf;$inf;$inf;$inf
Supplier_282;$max_flow;$inf;$inf;$inf;$inf;$inf;$inf;$inf
Supplier_283;$max_flow;$inf;$inf;$inf;$inf;$inf;$inf;$inf
Supplier_284;$max_flow;$inf;$inf;$inf;$inf;$inf;$inf;$inf
Supplier_285;$max_flow;$inf;$inf;$inf;$inf;$inf;$inf;$inf
Supplier_286;$max_flow;$inf;$inf;$inf;$inf;$inf;$inf;$inf
Supplier_287;$max_flow;$inf;$inf;$inf;$inf;$inf;$inf;$inf
Supplier_288;$max_flow;$inf;$inf;$inf;$inf;$inf;$inf;$inf
Supplier_289;$max_flow;$inf;$inf;$inf;$inf;$inf;$inf;$inf
Supplier_290;$max_flow;$inf;$inf;$inf;$inf;$inf;$inf;$inf
Supplier_291;$max_flow;$inf;$inf;$inf;$inf;$inf;$inf;$inf
Supplier_292;$max_flow;$inf;$inf;$inf;$inf;$inf;$inf;$inf
Supplier_293;$max_flow;$inf;$inf;$inf;$inf;$inf;$inf;$inf
Supplier_294;$max_flow;$inf;$inf;$inf;$inf;$inf;$inf;$inf
Supplier_295;$max_flow;$inf;$inf;$inf;$inf;$inf;$inf;$inf
Supplier_296;$max_flow;$inf;$inf;$inf;$inf;$inf;$inf;$inf
Supplier_297;$max_flow;$inf;$inf;$inf;$inf;$inf;$inf;$inf
Supplier_298;$max_flow;$inf;$inf;$inf;$inf;$inf;$inf;$inf
Supplier_299;$max_flow;$inf;$inf;$inf;$inf;$inf;$inf;$inf
Supplier_300;$max_flow;$inf;$inf;$inf;$inf;$inf;$inf;$inf
Supplier_301;$max_flow;$inf;$inf;$inf;$inf;$inf;$inf;$inf
Supplier_302;$max_flow;$inf;$inf;$inf;$inf;$inf;$inf;$inf
Supplier_303;$max_flow;$inf;$inf;$inf;$inf;$inf;$inf;$inf
Supplier_304;$max_flow;$inf;$inf;$inf;$inf;$inf;$inf;$inf
Supplier_305;$max_flow;$inf;$inf;$inf;$inf;$inf;$inf;$inf
Supplier_306;$max_flow;$inf;$inf;$inf;$inf;$inf;$inf;$inf
Supplier_307;$max_flow;$inf;$inf;$inf;$inf;$inf;$inf;$inf
Supplier_308;$max_flow;$inf;$inf;$inf;$inf;$inf;$inf;$inf
Supplier_309;$max_flow;$inf;$inf;$inf;$inf;$inf;$inf;$inf
Supplier_310;$max_flow;$inf;$inf;$inf;$inf;$inf;$inf;$inf
Supplier_311;$max_flow;$inf;$inf;$inf;$inf;$inf;$inf;$inf
Supplier_312;$max_flow;$inf;$inf;$inf;$inf;$inf;$inf;$inf
Supplier_313;$max_flow;$inf;$inf;$inf;$inf;$inf;$inf;$inf
Supplier_314;$max_flow;$inf;$inf;$inf;$inf;$inf;$inf;$inf
Supplier_315;$max_flow;$inf;$inf;$inf;$inf;$inf;$inf;$inf
Supplier_316;$max_flow;$inf;$inf;$inf;$inf;$inf;$inf;$inf
Supplier_317;$max_flow;$inf;$inf;$inf;$inf;$inf;$inf;$inf
Supplier_318;$max_flow;$inf;$inf;$inf;$inf;$inf;$inf;$inf
Supplier_319;$max_flow;$inf;$inf;$inf;$inf;$inf;$inf;$inf
Supplier_320;$max_flow;$inf;$inf;$inf;$inf;$inf;$inf;$inf
Supplier_321;$max_flow;$inf;$inf;$inf;$inf;$inf;$inf;$inf
Supplier_322;$max_flow;$inf;$inf;$inf;$inf;$inf;$inf;$inf
Supplier_323;$max_flow;$inf;$inf;$inf;$inf;$inf;$inf;$inf
Supplier_324;$max_flow;$inf;$inf;$inf;$inf;$inf;$inf;$inf
Supplier_325;$max_flow;$inf;$inf;$inf;$inf;$inf;$inf;$inf
Supplier_326;$max_flow;$inf;$inf;$inf;$inf;$inf;$inf;$inf
Supplier_327;$max_flow;$inf;$inf;$inf;$inf;$inf;$inf;$inf
Supplier_328;$max_flow;$inf;$inf;$inf;$inf;$inf;$inf;$inf
Supplier_329;$max_flow;$inf;$inf;$inf;$inf;$inf;$inf;$inf
Supplier_330;$max_flow;$inf;$inf;$inf;$inf;$inf;$inf;$inf
Supplier_331;$max_flow;$inf;$inf;$inf;$inf;$inf;$inf;$inf
Supplier_332;$max_flow;$inf;$inf;$inf;$inf;$inf;$inf;$inf
Supplier_333;$max_flow;$inf;$inf;$inf;$inf;$inf;$inf;$inf
Supplier_334;$max_flow;$inf;$inf;$inf;$inf;$inf;$inf;$inf
Supplier_335;$max_flow;$inf;$inf;$inf;$inf;$inf;$inf;$inf
Supplier_336;$max_flow;$inf;$inf;$inf;$inf;$inf;$inf;$inf
Supplier_337;$max_flow;$inf;$inf;$inf;$inf;$inf;$inf;$inf
Supplier_338;$max_flow;$inf;$inf;$inf;$inf;$inf;$inf;$inf
Supplier_339;$max_flow;$inf;$inf;$inf;$inf;$inf;$inf;$inf
Supplier_340;$max_flow;$inf;$inf;$inf;$inf;$inf;$inf;$inf
Supplier_341;$max_flow;$inf;$inf;$inf;$inf;$inf;$inf;$inf
Supplier_342;$max_flow;$inf;$inf;$inf;$inf;$inf;$inf;$inf
Supplier_343;$max_flow;$inf;$inf;$inf;$inf;$inf;$inf;$inf
Supplier_344;$max_flow;$inf;$inf;$inf;$inf;$inf;$inf;$inf
Supplier_345;$max_flow;$inf;$inf;$inf;$inf;$inf;$inf;$inf
Supplier_346;$max_flow;$inf;$inf;$inf;$inf;$inf;$inf;$inf
Supplier_347;$max_flow;$inf;$inf;$inf;$inf;$inf;$inf;$inf
Supplier_348;$max_flow;$inf;$inf;$inf;$inf;$inf;$inf;$inf
Supplier_349;$max_flow;$inf;$inf;$inf;$inf;$inf;$inf;$inf
Supplier_350;$max_flow;$inf;$inf;$inf;$inf;$inf;$inf;$inf
Supplier_351;$max_flow;$inf;$inf;$inf;$inf;$inf;$inf;$inf
Supplier_352;$max_flow;$inf;$inf;$inf;$inf;$inf;$inf;$inf
Supplier_353;$max_flow;$inf;$inf;$inf;$inf;$inf;$inf;$inf
Supplier_354;$max_flow;$inf;$inf;$inf;$inf;$inf;$inf;$inf
Supplier_355;$max_flow;$inf;$inf;$inf;$inf;$inf;$inf;$inf
Supplier_356;$max_flow;$inf;$inf;$inf;$inf;$inf;$inf;$inf
Supplier_357;$max_flow;$inf;$inf;$inf;$inf;$inf;$inf;$inf
Supplier_358;$max_flow;$inf;$inf;$inf;$inf;$inf;$inf;$inf
Supplier_359;$max_flow;$inf;$inf;$inf;$inf;$inf;$inf;$inf
Supplier_360;$max_flow;$inf;$inf;$inf;$inf;$inf;$inf;$inf
Supplier_361;$max_flow;$inf;$inf;$inf;$inf;$inf;$inf;$inf
Supplier_362;$max_flow;$inf;$inf;$inf;$inf;$inf;$inf;$inf
Supplier_363;$max_flow;$inf;$inf;$inf;$inf;$inf;$inf;$inf
Supplier_364;$max_flow;$inf;$inf;$inf;$inf;$inf;$inf;$inf
Supplier_365;$max_flow;$inf;$inf;$inf;$inf;$inf;$inf;$inf
Supplier_366;$max_flow;$inf;$inf;$inf;$inf;$inf;$inf;$inf
Supplier_367;$max_flow;$inf;$inf;$inf;$inf;$inf;$inf;$inf
Supplier_368;$max_flow;$inf;$inf;$inf;$inf;$inf;$inf;$inf
Supplier_369;$max_flow;$inf;$inf;$inf;$inf;$inf;$inf;$inf
Supplier_370;$max_flow;$inf;$inf;$inf;$inf;$inf;$inf;$inf
Supplier_371;$max_flow;$inf;$inf;$inf;$inf;$inf;$inf;$inf
Supplier_372;$max_flow;$inf;$inf;$inf;$inf;$inf;$inf;$inf
Supplier_373;$max_flow;$inf;$inf;$inf;$inf;$inf;$inf;$inf
Supplier_374;$max_flow;$inf;$inf;$inf;$inf;$inf;$inf;$inf
Supplier_375;$max_flow;$inf;$inf;$inf;$inf;$inf;$inf;$inf
Supplier_376;$max_flow;$inf;$inf;$inf;$inf;$inf;$inf;$inf
Supplier_377;$max_flow;$inf;$inf;$inf;$inf;$inf;$inf;$inf
Supplier_378;$max_flow;$inf;$inf;$inf;$inf;$inf;$inf;$inf
Supplier_379;$max_flow;$inf;$inf;$inf;$inf;$inf;$inf;$inf
Supplier_380;$max_flow;$inf;$inf;$inf;$inf;$inf;$inf;$inf
Supplier_381;$max_flow;$inf;$inf;$inf;$inf;$inf;$inf;$inf
Supplier_382;$max_flow;$inf;$inf;$inf;$inf;$inf;$inf;$inf
Supplier_383;$max_flow;$inf;$inf;$inf;$inf;$inf;$inf;$inf
Supplier_384;$max_flow;$inf;$inf;$inf;$inf;$inf;$inf;$inf
Supplier_385;$max_flow;$inf;$inf;$inf;$inf;$inf;$inf;$inf
Supplier_386;$max_flow;$inf;$inf;$inf;$inf;$inf;$inf;$inf
Supplier_387;$max_flow;$inf;$inf;$inf;$inf;$inf;$inf;$inf
Supplier_388;$max_flow;$inf;$inf;$inf;$inf;$inf;$inf;$inf
Supplier_389;$max_flow;$inf;$inf;$inf;$inf;$inf;$inf;$inf
Supplier_390;$max_flow;$inf;$inf;$inf;$inf;$inf;$inf;$inf
Supplier_391;$max_flow;$inf;$inf;$inf;$inf;$inf;$inf;$inf
Supplier_392;$max_flow;$inf;$inf;$inf;$inf;$inf;$inf;$inf
Supplier_393;$max_flow;$inf;$inf;$inf;$inf;$inf;$inf;$inf
Supplier_394;$max_flow;$inf;$inf;$inf;$inf;$inf;$inf;$inf
Supplier_395;$max_flow;$inf;$inf;$inf;$inf;$inf;$inf;$inf
Supplier_396;$max_flow;$inf;$inf;$inf;$inf;$inf;$inf;$inf
Supplier_397;$max_flow;$inf;$inf;$inf;$inf;$inf;$inf;$inf
Supplier_398;$max_flow;$inf;$inf;$inf;$inf;$inf;$inf;$inf
Supplier_399;$max_flow;$inf;$inf;$inf;$inf;$inf;$inf;$inf
Supplier_400;$max_flow;$inf;$inf;$inf;$inf;$inf;$inf;$inf
Hub_81;$min_flow;50000;212,5;28,33;$inf;$inf;$inf;$inf
Hub_82;$min_flow;50000;212,5;28,33;$inf;$inf;$inf;$inf
Hub_83;$min_flow;50000;212,5;28,33;$inf;$inf;$inf;$inf
Hub_84;$min_flow;50000;212,5;28,33;$inf;$inf;$inf;$inf
Hub_85;$min_flow;50000;212,5;28,33;$inf;$inf;$inf;$inf
Plant_1;$max_flow;$inf;$inf;$inf;$inf;$inf;$inf;$inf
Plant_2;$max_flow;$inf;$inf;$inf;$inf;$inf;$inf;$inf
Plant_3;$max_flow;$inf;$inf;$inf;$inf;$inf;$inf;$inf
Plant_4;$max_flow;$inf;$inf;$inf;$inf;$inf;$inf;$inf
Plant_5;$max_flow;$inf;$inf;$inf;$inf;$inf;$inf;$inf
Plant_6;$max_flow;$inf;$inf;$inf;$inf;$inf;$inf;$inf
Plant_7;$max_flow;$inf;$inf;$inf;$inf;$inf;$inf;$inf
Plant_8;$max_flow;$inf;$inf;$inf;$inf;$inf;$inf;$inf
Plant_9;$max_flow;$inf;$inf;$inf;$inf;$inf;$inf;$inf
Plant_10;$max_flow;$inf;$inf;$inf;$inf;$inf;$inf;$inf
Plant_11;$max_flow;$inf;$inf;$inf;$inf;$inf;$inf;$inf
Plant_12;$max_flow;$inf;$inf;$inf;$inf;$inf;$inf;$inf
Plant_13;$max_flow;$inf;$inf;$inf;$inf;$inf;$inf;$inf
Plant_14;$max_flow;$inf;$inf;$inf;$inf;$inf;$inf;$inf
Plant_15;$max_flow;$inf;$inf;$inf;$inf;$inf;$inf;$inf
Plant_16;$max_flow;$inf;$inf;$inf;$inf;$inf;$inf;$inf
Plant_17;$max_flow;$inf;$inf;$inf;$inf;$inf;$inf;$inf
Plant_18;$max_flow;$inf;$inf;$inf;$inf;$inf;$inf;$inf
Plant_19;$max_flow;$inf;$inf;$inf;$inf;$inf;$inf;$inf
Plant_20;$max_flow;$inf;$inf;$inf;$inf;$inf;$inf;$inf
Plant_21;$max_flow;$inf;$inf;$inf;$inf;$inf;$inf;$inf
Plant_22;$max_flow;$inf;$inf;$inf;$inf;$inf;$inf;$inf
Plant_23;$max_flow;$inf;$inf;$inf;$inf;$inf;$inf;$inf
