#transport;facility_org;facility_dest;tariff;level;transport costs;number of containers;handling costs; total costs
Supplier_209_Hub_85_LTL||Current_LTL||LTL_DE_W-DE_W_250;Supplier_209;Hub_85;LTL||Current_LTL||LTL_DE_W-DE_W_250;X;102,0013089579;1,0101139726;7,5249505371;109,5262594950;
Hub_85_Plant_3_FTL||Hub_85||Plant_3||FTL_DE_W-DE_W_500;Hub_85;Plant_3;FTL||Hub_85||Plant_3||FTL_DE_W-DE_W_500;X;469,3327261434;1,0000000000;0,0000000000;469,3327261434;
Supplier_163_Hub_82_LTL||Current_LTL||LTL_IT-ES_1000;Supplier_163;Hub_82;LTL||Current_LTL||LTL_IT-ES_1000;X;173,9100000000;1,0000000000;2,0905378571;176,0005378571;
Hub_82_Hub_83_FTL||Hub_82||Hub_83||FTL_MainRun;Hub_82;Hub_83;FTL||Hub_82||Hub_83||FTL_MainRun;X;862,3144660899;1,0000000000;158,6659233584;1.020,9803894483;
Hub_83_Plant_3_FTL||Hub_83||Plant_3||FTL_DE_W-DE_W_250;Hub_83;Plant_3;FTL||Hub_83||Plant_3||FTL_DE_W-DE_W_250;X;384,7230611070;1,0000000000;0,0000000000;384,7230611070;
Supplier_174_Hub_85_LTL||Current_LTL||LTL_DE_W-DE_W_250;Supplier_174;Hub_85;LTL||Current_LTL||LTL_DE_W-DE_W_250;X;61,8100000000;1,0000000000;6,1883543084;67,9983543084;
Hub_85_Plant_18_FTL||Hub_85||Plant_18||FTL_DE_W-DE_W_100;Hub_85;Plant_18;FTL||Hub_85||Plant_18||FTL_DE_W-DE_W_100;X;484,4548142065;3,4709697014;0,0000000000;484,4548142065;
Supplier_94_Hub_85_LTL||Current_LTL||LTL_DE_W-DE_W_500;Supplier_94;Hub_85;LTL||Current_LTL||LTL_DE_W-DE_W_500;X;97,3887467889;1,0375958533;2,5325769469;99,9213237357;
Hub_85_Plant_4_FTL||Hub_85||Plant_4||FTL_DE_W-DE_W_500;Hub_85;Plant_4;FTL||Hub_85||Plant_4||FTL_DE_W-DE_W_500;X;1.812,4342156268;4,4555758565;0,0000000000;1.812,4342156268;
Hub_85_Plant_15_FTL||Hub_85||Plant_15||FTL_DE_W-DE_W_1000;Hub_85;Plant_15;FTL||Hub_85||Plant_15||FTL_DE_W-DE_W_1000;X;3.707,3471019770;4,7423636139;0,0000000000;3.707,3471019770;
Supplier_192_Hub_85_FTL||Supplier_192||Hub_85||FTL_DE_W-DE_W_250;Supplier_192;Hub_85;FTL||Supplier_192||Hub_85||FTL_DE_W-DE_W_250;X;328,1065735620;1,0000000000;286,0370234333;614,1435969953;
Supplier_238_Hub_85_LTL||Current_LTL||LTL_DE_W-DE_W_100;Supplier_238;Hub_85;LTL||Current_LTL||LTL_DE_W-DE_W_100;X;100,3400000000;1,0000000000;45,0613885592;145,4013885592;
Hub_85_Plant_6_FTL||Hub_85||Plant_6||FTL_DE_W-DE_W_500;Hub_85;Plant_6;FTL||Hub_85||Plant_6||FTL_DE_W-DE_W_500;X;1.183,8762052672;2,9119691147;0,0000000000;1.183,8762052672;
Supplier_314_Hub_85_FTL||Supplier_314||Hub_85||FTL_PL-DE_W_1000;Supplier_314;Hub_85;FTL||Supplier_314||Hub_85||FTL_PL-DE_W_1000;X;578,5575767398;1,0000000000;100,3315618445;678,8891385843;
Hub_85_Plant_21_FTL||Hub_85||Plant_21||FTL_DE_W-DE_W_250;Hub_85;Plant_21;FTL||Hub_85||Plant_21||FTL_DE_W-DE_W_250;X;879,2398238364;4,0084232466;0,0000000000;879,2398238364;
Supplier_309_Hub_85_LTL||Current_LTL||LTL_CZ-DE_W_500;Supplier_309;Hub_85;LTL||Current_LTL||LTL_CZ-DE_W_500;X;440,8623873749;1,0029173015;40,3227091870;481,1850965619;
Hub_85_Hub_82_FTL||Hub_85||Hub_82||FTL_MainRun;Hub_85;Hub_82;FTL||Hub_85||Hub_82||FTL_MainRun;X;1.813,4187181554;2,1373323717;524,9635840254;2.338,3823021808;
Hub_82_Plant_2_FTL||Hub_82||Plant_2||FTL_ES-ES_500;Hub_82;Plant_2;FTL||Hub_82||Plant_2||FTL_ES-ES_500;X;4.270,7742518369;9,2479915366;0,0000000000;4.270,7742518369;
Supplier_119_Hub_83_LTL||Current_LTL||LTL_DE_W-DE_W_500;Supplier_119;Hub_83;LTL||Current_LTL||LTL_DE_W-DE_W_500;X;42,5376946938;1,1848940026;0,4576035027;42,9952981965;
Hub_83_Plant_4_FTL||Hub_83||Plant_4||FTL_DE_W-DE_W_500;Hub_83;Plant_4;FTL||Hub_83||Plant_4||FTL_DE_W-DE_W_500;X;668,4858489966;1,3012516611;0,0000000000;668,4858489966;
Hub_83_Plant_15_FTL||Hub_83||Plant_15||FTL_DE_W-DE_W_500;Hub_83;Plant_15;FTL||Hub_83||Plant_15||FTL_DE_W-DE_W_500;X;740,7100284621;1,8432475820;0,0000000000;740,7100284621;
Supplier_113_Hub_83_LTL||Current_LTL||LTL_DE_W-DE_W_500;Supplier_113;Hub_83;LTL||Current_LTL||LTL_DE_W-DE_W_500;X;309,5938136660;1,0579340270;57,5278846543;367,1216983203;
Hub_85_Plant_19_FTL||Hub_85||Plant_19||FTL_DE_W-CZ_250;Hub_85;Plant_19;FTL||Hub_85||Plant_19||FTL_DE_W-CZ_250;X;588,4627156576;3,0890669040;0,0000000000;588,4627156576;
Supplier_358_Hub_85_LTL||Current_LTL||LTL_TR-DE_W_2000;Supplier_358;Hub_85;LTL||Current_LTL||LTL_TR-DE_W_2000;X;2.695,1563316214;1,6102694769;325,9291898262;3.021,0855214476;
Supplier_99_Hub_83_LTL||Current_LTL||LTL_DE_W-DE_W_100;Supplier_99;Hub_83;LTL||Current_LTL||LTL_DE_W-DE_W_100;X;54,1250761198;1,0045485546;2,8525389150;56,9776150348;
Hub_83_Plant_10_FTL||Hub_83||Plant_10||FTL_DE_W-DE_W_250;Hub_83;Plant_10;FTL||Hub_83||Plant_10||FTL_DE_W-DE_W_250;X;329,2744457444;1,0120746582;0,0000000000;329,2744457444;
Supplier_180_Hub_83_LTL||Current_LTL||LTL_DE_W-DE_W_500;Supplier_180;Hub_83;LTL||Current_LTL||LTL_DE_W-DE_W_500;X;241,6900000000;1,0000000000;19,0272532123;260,7172532123;
Supplier_255_Hub_85_LTL||Current_LTL||LTL_DE_W-DE_W_250;Supplier_255;Hub_85;LTL||Current_LTL||LTL_DE_W-DE_W_250;X;305,3490972186;1,0212344389;67,3970824654;372,7461796840;
Supplier_14_Hub_83_LTL||Current_LTL||LTL_GB-DE_W_1000;Supplier_14;Hub_83;LTL||Current_LTL||LTL_GB-DE_W_1000;X;36,3267536391;1,0000000000;0,0077777143;36,3345313534;
Supplier_89_Hub_83_LTL||Current_LTL||LTL_DE_W-DE_W_100;Supplier_89;Hub_83;LTL||Current_LTL||LTL_DE_W-DE_W_100;X;19,1800000000;1,0000000000;0,0238167945;19,2038167945;
Hub_83_Hub_85_FTL||Hub_83||Hub_85||FTL_MainRun;Hub_83;Hub_85;FTL||Hub_83||Hub_85||FTL_MainRun;X;854,9669902315;2,5760431375;734,5887736667;1.589,5557638983;
Supplier_122_Hub_83_FTL||Supplier_122||Hub_83||FTL_DE_W-DE_W_250;Supplier_122;Hub_83;FTL||Supplier_122||Hub_83||FTL_DE_W-DE_W_250;X;1.300,0988478029;6,2170895103;1.646,1546580413;2.946,2535058442;
Hub_83_Hub_82_FTL||Hub_83||Hub_82||FTL_MainRun;Hub_83;Hub_82;FTL||Hub_83||Hub_82||FTL_MainRun;X;5.723,8783781870;6,6378085992;1.549,0126178247;7.272,8909960117;
Supplier_285_Hub_85_LTL||Current_LTL||LTL_CZ-DE_W_500;Supplier_285;Hub_85;LTL||Current_LTL||LTL_CZ-DE_W_500;X;325,6100000000;1,0000000000;68,1984788857;393,8084788857;
Hub_85_Plant_11_FTL||Hub_85||Plant_11||FTL_DE_W-HU_1000;Hub_85;Plant_11;FTL||Hub_85||Plant_11||FTL_DE_W-HU_1000;X;1.884,8217357297;2,9734525263;0,0000000000;1.884,8217357297;
Supplier_332_Hub_85_FTL||Supplier_332||Hub_85||FTL_PL-DE_W_1000;Supplier_332;Hub_85;FTL||Supplier_332||Hub_85||FTL_PL-DE_W_1000;X;761,6173947160;1,1468152750;338,8117625948;1.100,4291573108;
Supplier_362_Hub_85_LTL||Current_LTL||LTL_DE_W-DE_W_250;Supplier_362;Hub_85;LTL||Current_LTL||LTL_DE_W-DE_W_250;X;50,4600000000;1,0000000000;0,9093942857;51,3693942857;
Supplier_118_Hub_83_LTL||Current_LTL||LTL_DE_W-DE_W_100;Supplier_118;Hub_83;LTL||Current_LTL||LTL_DE_W-DE_W_100;X;26,1800000000;1,0000000000;0,7984601486;26,9784601486;
Supplier_202_Hub_85_LTL||Current_LTL||LTL_DE_W-DE_W_500;Supplier_202;Hub_85;LTL||Current_LTL||LTL_DE_W-DE_W_500;X;35,9000000000;1,0000000000;0,1121785714;36,0121785714;
Supplier_249_Hub_85_FTL||Supplier_249||Hub_85||FTL_DE_W-DE_W_250;Supplier_249;Hub_85;FTL||Supplier_249||Hub_85||FTL_DE_W-DE_W_250;X;353,2768195122;1,0000000000;222,4985260989;575,7753456111;
Supplier_346_Hub_85_LTL||Current_LTL||LTL_SK-DE_W_1000;Supplier_346;Hub_85;LTL||Current_LTL||LTL_SK-DE_W_1000;X;33,0799140049;1,0000000000;0,0534865933;33,1334005982;
Supplier_5_Hub_82_FTL||Supplier_5||Hub_82||FTL_Welt_Welt_1500;Supplier_5;Hub_82;FTL||Supplier_5||Hub_82||FTL_Welt_Welt_1500;X;2.403,8682031715;1,0000000000;50,8113462857;2.454,6795494572;
Hub_83_Plant_6_FTL||Hub_83||Plant_6||FTL_DE_W-DE_W_500;Hub_83;Plant_6;FTL||Hub_83||Plant_6||FTL_DE_W-DE_W_500;X;574,5019064128;1,1179899264;0,0000000000;574,5019064128;
Supplier_67_Hub_83_LTL||Current_LTL||LTL_DE_W-DE_W_100;Supplier_67;Hub_83;LTL||Current_LTL||LTL_DE_W-DE_W_100;X;19,1800000000;1,0000000000;0,6282000000;19,8082000000;
Supplier_128_Hub_83_LTL||Current_LTL||LTL_DE_W-DE_W_250;Supplier_128;Hub_83;LTL||Current_LTL||LTL_DE_W-DE_W_250;X;282,0639980635;1,0190173340;87,7972034817;369,8612015453;
Supplier_205_Hub_85_LTL||Current_LTL||LTL_DE_W-DE_W_250;Supplier_205;Hub_85;LTL||Current_LTL||LTL_DE_W-DE_W_250;X;54,2616257833;1,0753393932;4,3076571429;58,5692829262;
Supplier_252_Hub_85_LTL||Current_LTL||LTL_AT-DE_W_250;Supplier_252;Hub_85;LTL||Current_LTL||LTL_AT-DE_W_250;X;51,6800000000;1,0000000000;1,5621158633;53,2421158633;
Supplier_300_Hub_85_LTL||Current_LTL||LTL_PL-DE_W_500;Supplier_300;Hub_85;LTL||Current_LTL||LTL_PL-DE_W_500;X;328,4951478206;1,0520597868;97,9116876974;426,4068355180;
Supplier_237_Hub_85_LTL||Current_LTL||LTL_DE_W-DE_W_250;Supplier_237;Hub_85;LTL||Current_LTL||LTL_DE_W-DE_W_250;X;252,6600000000;1,0000000000;106,1481296314;358,8081296314;
Supplier_43_Hub_83_LTL||Current_LTL||LTL_BX-DE_W_500;Supplier_43;Hub_83;LTL||Current_LTL||LTL_BX-DE_W_500;X;335,7900000000;1,0000000000;55,4366731144;391,2266731144;
Hub_83_Hub_81_FTL||Hub_83||Hub_81||FTL_MainRun;Hub_83;Hub_81;FTL||Hub_83||Hub_81||FTL_MainRun;X;493,8637236147;1,0073242559;220,6002346296;714,4639582444;
Hub_81_Plant_1_LTL||Current_LTL||LTL_GB-FR_N_1000;Hub_81;Plant_1;LTL||Current_LTL||LTL_GB-FR_N_1000;X;255,1506045735;1,0851469594;0,0000000000;255,1506045735;
Supplier_115_Hub_83_LTL||Current_LTL||LTL_DE_W-DE_W_250;Supplier_115;Hub_83;LTL||Current_LTL||LTL_DE_W-DE_W_250;X;299,0000000000;1,0000000000;159,3586064832;458,3586064832;
Hub_83_Plant_9_LTL||Current_LTL||LTL_DE_W-FR_N_500;Hub_83;Plant_9;LTL||Current_LTL||LTL_DE_W-FR_N_500;X;426,8834678778;1,0458216176;0,0000000000;426,8834678778;
Supplier_56_Hub_83_LTL||Current_LTL||LTL_DE_W-DE_W_500;Supplier_56;Hub_83;LTL||Current_LTL||LTL_DE_W-DE_W_500;X;289,1160411066;1,1135694685;5,5205041241;294,6365452307;
Supplier_100_Hub_83_LTL||Current_LTL||LTL_DE_W-DE_W_100;Supplier_100;Hub_83;LTL||Current_LTL||LTL_DE_W-DE_W_100;X;38,9205565499;1,0896012472;5,0702772966;43,9908338465;
Supplier_316_Hub_85_LTL||Current_LTL||LTL_CZ-DE_W_1000;Supplier_316;Hub_85;LTL||Current_LTL||LTL_CZ-DE_W_1000;X;228,8400000000;1,0000000000;11,0038570766;239,8438570766;
Hub_85_Plant_10_FTL||Hub_85||Plant_10||FTL_DE_W-DE_W_500;Hub_85;Plant_10;FTL||Hub_85||Plant_10||FTL_DE_W-DE_W_500;X;776,4178800625;1,4590417560;0,0000000000;776,4178800625;
Supplier_156_Hub_83_FTL||Supplier_156||Hub_83||FTL_DE_W-DE_W_250;Supplier_156;Hub_83;FTL||Supplier_156||Hub_83||FTL_DE_W-DE_W_250;X;337,5179254251;1,0002406563;218,3984187986;555,9163442237;
Hub_85_Plant_23_LTL||Current_LTL||LTL_DE_W-CZ_250;Hub_85;Plant_23;LTL||Current_LTL||LTL_DE_W-CZ_250;X;74,3900000000;1,0000000000;0,0000000000;74,3900000000;
Supplier_221_Hub_85_LTL||Current_LTL||LTL_DE_W-DE_W_100;Supplier_221;Hub_85;LTL||Current_LTL||LTL_DE_W-DE_W_100;X;19,1800000000;1,0000000000;0,4264863095;19,6064863095;
Supplier_282_Hub_85_LTL||Current_LTL||LTL_CZ-DE_W_500;Supplier_282;Hub_85;LTL||Current_LTL||LTL_CZ-DE_W_500;X;307,1673339715;1,0134191157;82,5260884033;389,6934223748;
Hub_85_Hub_83_FTL||Hub_85||Hub_83||FTL_MainRun;Hub_85;Hub_83;FTL||Hub_85||Hub_83||FTL_MainRun;X;331,8915657117;1,0000000000;214,4164930353;546,3080587470;
Supplier_334_Hub_85_FTL||Supplier_334||Hub_85||FTL_PL-DE_W_1000;Supplier_334;Hub_85;FTL||Supplier_334||Hub_85||FTL_PL-DE_W_1000;X;694,2471190448;1,0000000000;161,6207079414;855,8678269861;
Supplier_250_Hub_83_LTL||Current_LTL||LTL_DE_W-DE_W_500;Supplier_250;Hub_83;LTL||Current_LTL||LTL_DE_W-DE_W_500;X;157,2248372276;1,0634077594;1,3340176000;158,5588548276;
Supplier_112_Hub_83_LTL||Current_LTL||LTL_DE_W-DE_W_250;Supplier_112;Hub_83;LTL||Current_LTL||LTL_DE_W-DE_W_250;X;25,2200000000;1,0000000000;0,2349658704;25,4549658704;
Supplier_171_Hub_85_LTL||Current_LTL||LTL_DE_W-DE_W_250;Supplier_171;Hub_85;LTL||Current_LTL||LTL_DE_W-DE_W_250;X;225,9700000000;1,0000000000;88,6221003061;314,5921003061;
Supplier_246_Hub_85_LTL||Current_LTL||LTL_CZ-DE_W_250;Supplier_246;Hub_85;LTL||Current_LTL||LTL_CZ-DE_W_250;X;52,5900000000;1,0000000000;6,3843614507;58,9743614507;
Supplier_210_Hub_85_LTL||Current_LTL||LTL_DE_W-DE_W_250;Supplier_210;Hub_85;LTL||Current_LTL||LTL_DE_W-DE_W_250;X;299,0000000000;1,0000000000;162,3891413699;461,3891413699;
Supplier_96_Hub_83_LTL||Current_LTL||LTL_DE_W-DE_W_100;Supplier_96;Hub_83;LTL||Current_LTL||LTL_DE_W-DE_W_100;X;48,7500000000;1,0000000000;1,6429798314;50,3929798314;
Supplier_261_Hub_85_FTL||Supplier_261||Hub_85||FTL_CZ-DE_W_250;Supplier_261;Hub_85;FTL||Supplier_261||Hub_85||FTL_CZ-DE_W_250;X;215,9730040704;1,0000000000;121,8805282902;337,8535323607;
Supplier_247_Hub_85_LTL||Current_LTL||LTL_CZ-DE_W_250;Supplier_247;Hub_85;LTL||Current_LTL||LTL_CZ-DE_W_250;X;21,4500000000;1,0000000000;0,5007342314;21,9507342314;
Supplier_190_Hub_85_LTL||Current_LTL||LTL_DE_W-DE_W_250;Supplier_190;Hub_85;LTL||Current_LTL||LTL_DE_W-DE_W_250;X;308,5237300360;1,0318519399;168,0542691429;476,5779991789;
Supplier_400_Hub_85_LTL||Current_LTL||LTL_DE_W-DE_W_250;Supplier_400;Hub_85;LTL||Current_LTL||LTL_DE_W-DE_W_250;X;25,2200000000;1,0000000000;1,0918392408;26,3118392408;
Supplier_81_Hub_83_LTL||Current_LTL||LTL_DE_W-DE_W_100;Supplier_81;Hub_83;LTL||Current_LTL||LTL_DE_W-DE_W_100;X;48,7500000000;1,0000000000;9,1912640000;57,9412640000;
Hub_83_Plant_8_LTL||Current_LTL||LTL_DE_W-BX_250;Hub_83;Plant_8;LTL||Current_LTL||LTL_DE_W-BX_250;X;243,6500000000;1,0000000000;0,0000000000;243,6500000000;
Supplier_272_Hub_85_LTL||Current_LTL||LTL_BK-DE_W_500;Supplier_272;Hub_85;LTL||Current_LTL||LTL_BK-DE_W_500;X;31,5200000000;1,0000000000;0,1538329023;31,6738329023;
Supplier_226_Hub_85_LTL||Current_LTL||LTL_DE_W-DE_W_250;Supplier_226;Hub_85;LTL||Current_LTL||LTL_DE_W-DE_W_250;X;79,8200000000;1,0000000000;10,8491597424;90,6691597424;
Supplier_201_Hub_83_FTL||Supplier_201||Hub_83||FTL_DE_W-DE_W_500;Supplier_201;Hub_83;FTL||Supplier_201||Hub_83||FTL_DE_W-DE_W_500;X;415,6677418582;1,0000000000;177,8927724328;593,5605142910;
Supplier_322_Hub_85_FTL||Supplier_322||Hub_85||FTL_HU-DE_W_1000;Supplier_322;Hub_85;FTL||Supplier_322||Hub_85||FTL_HU-DE_W_1000;X;745,9187438199;1,0629296398;340,1112192857;1.086,0299631057;
Supplier_145_Hub_83_LTL||Current_LTL||LTL_DE_W-DE_W_500;Supplier_145;Hub_83;LTL||Current_LTL||LTL_DE_W-DE_W_500;X;122,3038371792;1,1167260517;10,3929960816;132,6968332608;
Supplier_365_Hub_85_LTL||Current_LTL||LTL_DE_W-DE_W_100;Supplier_365;Hub_85;LTL||Current_LTL||LTL_DE_W-DE_W_100;X;120,3500000000;1,0000000000;65,8048601754;186,1548601754;
Supplier_92_Hub_83_LTL||Current_LTL||LTL_DE_W-DE_W_250;Supplier_92;Hub_83;LTL||Current_LTL||LTL_DE_W-DE_W_250;X;94,4600000000;1,0000000000;4,3844452696;98,8444452696;
Supplier_141_Hub_83_LTL||Current_LTL||LTL_DE_W-DE_W_250;Supplier_141;Hub_83;LTL||Current_LTL||LTL_DE_W-DE_W_250;X;25,2200000000;1,0000000000;0,1088880000;25,3288880000;
Supplier_183_Hub_83_LTL||Current_LTL||LTL_DE_W-DE_W_250;Supplier_183;Hub_83;LTL||Current_LTL||LTL_DE_W-DE_W_250;X;25,2200000000;1,0000000000;0,0118114687;25,2318114687;
Supplier_340_Hub_85_LTL||Current_LTL||LTL_PL-DE_W_1000;Supplier_340;Hub_85;LTL||Current_LTL||LTL_PL-DE_W_1000;X;105,8400000000;1,0000000000;6,4116316875;112,2516316875;
Supplier_393_Hub_85_LTL||Current_LTL||LTL_CZ-DE_W_250;Supplier_393;Hub_85;LTL||Current_LTL||LTL_CZ-DE_W_250;X;182,3154794560;1,0138776524;82,5634285714;264,8789080275;
Supplier_240_Hub_85_LTL||Current_LTL||LTL_DE_W-DE_W_250;Supplier_240;Hub_85;LTL||Current_LTL||LTL_DE_W-DE_W_250;X;233,0011855314;1,0311155708;95,9624795253;328,9636650567;
Supplier_326_Hub_85_FTL||Supplier_326||Hub_85||FTL_PL-DE_W_1000;Supplier_326;Hub_85;FTL||Supplier_326||Hub_85||FTL_PL-DE_W_1000;X;710,1126546198;1,0801308080;322,0478043051;1.032,1604589249;
Supplier_41_Hub_82_LTL||Current_LTL||LTL_FR_N-ES_1000;Supplier_41;Hub_82;LTL||Current_LTL||LTL_FR_N-ES_1000;X;40,4385346980;1,0000000000;0,0253440000;40,4638786980;
Supplier_83_Hub_83_LTL||Current_LTL||LTL_DE_W-DE_W_100;Supplier_83;Hub_83;LTL||Current_LTL||LTL_DE_W-DE_W_100;X;81,2700000000;1,0000000000;4,6410317468;85,9110317468;
Supplier_297_Hub_85_LTL||Current_LTL||LTL_PL-DE_W_500;Supplier_297;Hub_85;LTL||Current_LTL||LTL_PL-DE_W_500;X;77,8300000000;1,0000000000;2,9341016320;80,7641016320;
Supplier_85_Hub_85_LTL||Current_LTL||LTL_DE_W-DE_W_500;Supplier_85;Hub_85;LTL||Current_LTL||LTL_DE_W-DE_W_500;X;136,1200000000;1,0000000000;4,4093461890;140,5293461890;
Supplier_50_Hub_85_LTL||Current_LTL||LTL_FR_N-DE_W_1000;Supplier_50;Hub_85;LTL||Current_LTL||LTL_FR_N-DE_W_1000;X;102,1585816444;1,1785715464;2,7670714286;104,9256530730;
Hub_82_Plant_12_FTL||Hub_82||Plant_12||FTL_ES-ES_1000;Hub_82;Plant_12;FTL||Hub_82||Plant_12||FTL_ES-ES_1000;X;739,6346915255;1,0000000000;0,0000000000;739,6346915255;
Supplier_162_Hub_83_LTL||Current_LTL||LTL_DE_W-DE_W_250;Supplier_162;Hub_83;LTL||Current_LTL||LTL_DE_W-DE_W_250;X;216,8601827650;1,0260228178;31,8573947677;248,7175775326;
Supplier_329_Hub_85_LTL||Current_LTL||LTL_PL-DE_W_1000;Supplier_329;Hub_85;LTL||Current_LTL||LTL_PL-DE_W_1000;X;105,8400000000;1,0000000000;4,1102228571;109,9502228571;
Supplier_317_Hub_83_LTL||Current_LTL||LTL_SK-DE_W_1000;Supplier_317;Hub_83;LTL||Current_LTL||LTL_SK-DE_W_1000;X;207,6482160029;1,0389683579;12,3356493000;219,9838653029;
Supplier_75_Hub_82_LTL||Current_LTL||LTL_IT-ES_1000;Supplier_75;Hub_82;LTL||Current_LTL||LTL_IT-ES_1000;X;101,4300000000;1,0000000000;3,2400000000;104,6700000000;
Supplier_40_Hub_82_FTL||Supplier_40||Hub_82||FTL_ES-ES_100;Supplier_40;Hub_82;FTL||Supplier_40||Hub_82||FTL_ES-ES_100;X;110,3642532373;1,0000000000;48,0816704114;158,4459236488;
Supplier_68_Hub_83_LTL||Current_LTL||LTL_DE_W-DE_W_100;Supplier_68;Hub_83;LTL||Current_LTL||LTL_DE_W-DE_W_100;X;35,7200000000;1,0000000000;1,1850993000;36,9050993000;
Supplier_82_Hub_83_LTL||Current_LTL||LTL_DE_W-DE_W_250;Supplier_82;Hub_83;LTL||Current_LTL||LTL_DE_W-DE_W_250;X;70,7871737454;1,1452382098;5,6332040143;76,4203777597;
Hub_81_Plant_5_LTL||Current_LTL||LTL_GB-GB_500;Hub_81;Plant_5;LTL||Current_LTL||LTL_GB-GB_500;X;371,8474556543;1,0296205334;0,0000000000;371,8474556543;
Supplier_182_Hub_85_LTL||Current_LTL||LTL_DE_W-DE_W_250;Supplier_182;Hub_85;LTL||Current_LTL||LTL_DE_W-DE_W_250;X;142,0823182082;1,0272001027;20,6874803520;162,7697985602;
Supplier_315_Hub_85_LTL||Current_LTL||LTL_SK-DE_W_500;Supplier_315;Hub_85;LTL||Current_LTL||LTL_SK-DE_W_500;X;266,9100000000;1,0000000000;55,3522725000;322,2622725000;
Supplier_351_Hub_85_FTL||Supplier_351||Hub_85||FTL_PL-DE_W_1000;Supplier_351;Hub_85;FTL||Supplier_351||Hub_85||FTL_PL-DE_W_1000;X;1.172,4271461103;1,2114195679;379,5648543977;1.551,9920005080;
Hub_85_Plant_8_FTL||Hub_85||Plant_8||FTL_DE_W-BX_1000;Hub_85;Plant_8;FTL||Hub_85||Plant_8||FTL_DE_W-BX_1000;X;815,9638788053;1,0596668108;0,0000000000;815,9638788053;
Supplier_319_Hub_85_LTL||Current_LTL||LTL_HU-DE_W_1000;Supplier_319;Hub_85;LTL||Current_LTL||LTL_HU-DE_W_1000;X;45,8276912494;1,1229524932;1,2998819100;47,1275731594;
Supplier_363_Hub_83_LTL||Current_LTL||LTL_PL-DE_W_1000;Supplier_363;Hub_83;LTL||Current_LTL||LTL_PL-DE_W_1000;X;177,3200000000;1,0000000000;12,4374951032;189,7574951032;
Supplier_52_Hub_83_LTL||Current_LTL||LTL_BX-DE_W_250;Supplier_52;Hub_83;LTL||Current_LTL||LTL_BX-DE_W_250;X;133,3800000000;1,0000000000;26,1421535390;159,5221535390;
Supplier_76_Hub_83_LTL||Current_LTL||LTL_DE_W-DE_W_250;Supplier_76;Hub_83;LTL||Current_LTL||LTL_DE_W-DE_W_250;X;132,7114516994;1,0511798154;30,5718099086;163,2832616080;
Supplier_191_Hub_83_LTL||Current_LTL||LTL_DE_W-DE_W_500;Supplier_191;Hub_83;LTL||Current_LTL||LTL_DE_W-DE_W_500;X;70,4317338089;1,3526355638;0,5264914286;70,9582252375;
Supplier_231_Hub_85_FTL||Supplier_231||Hub_85||FTL_DE_W-DE_W_100;Supplier_231;Hub_85;FTL||Supplier_231||Hub_85||FTL_DE_W-DE_W_100;X;82,9203773666;1,0000000000;101,1697555179;184,0901328845;
Supplier_333_Hub_85_FTL||Supplier_333||Hub_85||FTL_PL-DE_W_1000;Supplier_333;Hub_85;FTL||Supplier_333||Hub_85||FTL_PL-DE_W_1000;X;693,2314197761;1,0000000000;133,9071835799;827,1386033560;
Supplier_236_Hub_85_LTL||Current_LTL||LTL_DE_W-DE_W_250;Supplier_236;Hub_85;LTL||Current_LTL||LTL_DE_W-DE_W_250;X;149,4100000000;1,0000000000;26,4623859176;175,8723859176;
Supplier_278_Hub_85_LTL||Current_LTL||LTL_CZ-DE_W_500;Supplier_278;Hub_85;LTL||Current_LTL||LTL_CZ-DE_W_500;X;160,0573132422;1,0338951828;10,9279212381;170,9852344803;
Supplier_339_Hub_85_LTL||Current_LTL||LTL_HU-DE_W_1000;Supplier_339;Hub_85;LTL||Current_LTL||LTL_HU-DE_W_1000;X;156,2707547699;1,0195117091;9,9171840000;166,1879387699;
Supplier_321_Hub_85_FTL||Supplier_321||Hub_85||FTL_HU-DE_W_1000;Supplier_321;Hub_85;FTL||Supplier_321||Hub_85||FTL_HU-DE_W_1000;X;866,7941209030;1,2388415158;417,2005971020;1.283,9947180051;
Supplier_264_Hub_85_LTL||Current_LTL||LTL_AT-DE_W_250;Supplier_264;Hub_85;LTL||Current_LTL||LTL_AT-DE_W_250;X;316,1430943954;1,0324388309;168,1498541032;484,2929484986;
Supplier_194_Hub_85_LTL||Current_LTL||LTL_DE_W-DE_W_250;Supplier_194;Hub_85;LTL||Current_LTL||LTL_DE_W-DE_W_250;X;25,2200000000;1,0000000000;0,4890985714;25,7090985714;
Supplier_396_Hub_83_LTL||Current_LTL||LTL_FR_N-DE_W_500;Supplier_396;Hub_83;LTL||Current_LTL||LTL_FR_N-DE_W_500;X;38,9200000000;1,0000000000;0,0149571429;38,9349571429;
Supplier_47_Hub_83_LTL||Current_LTL||LTL_BX-DE_W_250;Supplier_47;Hub_83;LTL||Current_LTL||LTL_BX-DE_W_250;X;34,4000000000;1,0000000000;0,1768053943;34,5768053943;
Supplier_59_Hub_83_LTL||Current_LTL||LTL_BX-DE_W_250;Supplier_59;Hub_83;LTL||Current_LTL||LTL_BX-DE_W_250;X;76,9700000000;1,0000000000;0,9553821618;77,9253821618;
Supplier_274_Hub_85_LTL||Current_LTL||LTL_CZ-DE_W_500;Supplier_274;Hub_85;LTL||Current_LTL||LTL_CZ-DE_W_500;X;78,8819414596;1,2079929779;5,6211934286;84,5031348882;
Supplier_138_Hub_83_LTL||Current_LTL||LTL_DE_W-DE_W_500;Supplier_138;Hub_83;LTL||Current_LTL||LTL_DE_W-DE_W_500;X;75,5100000000;1,0000000000;0,8745441429;76,3845441429;
Supplier_101_Hub_83_LTL||Current_LTL||LTL_DE_W-DE_W_100;Supplier_101;Hub_83;LTL||Current_LTL||LTL_DE_W-DE_W_100;X;23,0100000000;1,0000000000;0,1569752143;23,1669752143;
Supplier_48_Hub_83_LTL||Current_LTL||LTL_BX-DE_W_250;Supplier_48;Hub_83;LTL||Current_LTL||LTL_BX-DE_W_250;X;29,2092704534;1,2010390811;0,2542714286;29,4635418820;
Hub_85_Plant_13_FTL||Hub_85||Plant_13||FTL_DE_W-CZ_500;Hub_85;Plant_13;FTL||Hub_85||Plant_13||FTL_DE_W-CZ_500;X;386,6416366261;1,0000000000;0,0000000000;386,6416366261;
Supplier_176_Hub_85_LTL||Current_LTL||LTL_DE_W-DE_W_250;Supplier_176;Hub_85;LTL||Current_LTL||LTL_DE_W-DE_W_250;X;25,2200000000;1,0000000000;0,6156988200;25,8356988200;
Supplier_287_Hub_85_LTL||Current_LTL||LTL_CZ-DE_W_500;Supplier_287;Hub_85;LTL||Current_LTL||LTL_CZ-DE_W_500;X;133,8348284345;1,0468113292;2,6340426000;136,4688710345;
Supplier_218_Hub_85_LTL||Current_LTL||LTL_DE_W-DE_W_250;Supplier_218;Hub_85;LTL||Current_LTL||LTL_DE_W-DE_W_250;X;25,2200000000;1,0000000000;0,0361702354;25,2561702354;
Supplier_213_Hub_85_LTL||Current_LTL||LTL_DE_W-DE_W_250;Supplier_213;Hub_85;LTL||Current_LTL||LTL_DE_W-DE_W_250;X;94,4600000000;1,0000000000;10,9184999000;105,3784999000;
Supplier_239_Hub_85_FTL||Supplier_239||Hub_85||FTL_DE_W-DE_W_500;Supplier_239;Hub_85;FTL||Supplier_239||Hub_85||FTL_DE_W-DE_W_500;X;915,8668962874;1,9297441167;545,7934043336;1.461,6603006210;
Supplier_157_Hub_85_LTL||Current_LTL||LTL_DE_W-DE_W_500;Supplier_157;Hub_85;LTL||Current_LTL||LTL_DE_W-DE_W_500;X;35,9000000000;1,0000000000;0,5221912500;36,4221912500;
Supplier_325_Hub_85_FTL||Supplier_325||Hub_85||FTL_HU-DE_W_1000;Supplier_325;Hub_85;FTL||Supplier_325||Hub_85||FTL_HU-DE_W_1000;X;752,4566380026;1,0000000000;174,1200489350;926,5766869376;
Hub_81_Plant_14_FTL||Hub_81||Plant_14||FTL_GB-GB_100;Hub_81;Plant_14;FTL||Hub_81||Plant_14||FTL_GB-GB_100;X;117,9842347394;1,0000000000;0,0000000000;117,9842347394;
Supplier_133_Hub_83_LTL||Current_LTL||LTL_DE_W-DE_W_250;Supplier_133;Hub_83;LTL||Current_LTL||LTL_DE_W-DE_W_250;X;61,8100000000;1,0000000000;1,1801710817;62,9901710817;
Supplier_103_Hub_83_LTL||Current_LTL||LTL_DE_W-DE_W_100;Supplier_103;Hub_83;LTL||Current_LTL||LTL_DE_W-DE_W_100;X;19,1800000000;1,0000000000;0,0448714286;19,2248714286;
Supplier_211_Hub_85_LTL||Current_LTL||LTL_DE_W-DE_W_100;Supplier_211;Hub_85;LTL||Current_LTL||LTL_DE_W-DE_W_100;X;28,9891584545;1,1073016980;2,2270188571;31,2161773116;
Supplier_15_Hub_83_LTL||Current_LTL||LTL_GB-DE_W_1000;Supplier_15;Hub_83;LTL||Current_LTL||LTL_GB-DE_W_1000;X;96,6522365003;1,2649160647;1,3773368333;98,0295733335;
Hub_81_Plant_7_FTL||Hub_81||Plant_7||FTL_GB-GB_100;Hub_81;Plant_7;FTL||Hub_81||Plant_7||FTL_GB-GB_100;X;146,6571589824;1,2626999867;0,0000000000;146,6571589824;
Supplier_338_Hub_85_LTL||Current_LTL||LTL_SK-DE_W_1000;Supplier_338;Hub_85;LTL||Current_LTL||LTL_SK-DE_W_1000;X;246,3300000000;1,0000000000;27,4543190325;273,7843190325;
Supplier_54_Hub_85_LTL||Current_LTL||LTL_FR_N-DE_W_500;Supplier_54;Hub_85;LTL||Current_LTL||LTL_FR_N-DE_W_500;X;38,9200000000;1,0000000000;0,1267600731;39,0467600731;
Hub_85_Plant_20_LTL||Current_LTL||LTL_DE_W-DE_W_500;Hub_85;Plant_20;LTL||Current_LTL||LTL_DE_W-DE_W_500;X;292,6400000000;1,0000000000;0,0000000000;292,6400000000;
Supplier_148_Hub_83_LTL||Current_LTL||LTL_DE_W-DE_W_250;Supplier_148;Hub_83;LTL||Current_LTL||LTL_DE_W-DE_W_250;X;25,2200000000;1,0000000000;0,0601791295;25,2801791295;
Supplier_342_Hub_85_LTL||Current_LTL||LTL_PL-DE_W_1000;Supplier_342;Hub_85;LTL||Current_LTL||LTL_PL-DE_W_1000;X;820,8900000000;1,0000000000;124,3968932338;945,2868932338;
Supplier_181_Hub_85_LTL||Current_LTL||LTL_DE_W-DE_W_250;Supplier_181;Hub_85;LTL||Current_LTL||LTL_DE_W-DE_W_250;X;25,2200000000;1,0000000000;0,0829622857;25,3029622857;
Supplier_24_Hub_83_LTL||Current_LTL||LTL_GB-DE_W_1000;Supplier_24;Hub_83;LTL||Current_LTL||LTL_GB-DE_W_1000;X;36,3267536391;1,0000000000;0,0828568379;36,4096104770;
Supplier_117_Hub_83_LTL||Current_LTL||LTL_DE_W-DE_W_500;Supplier_117;Hub_83;LTL||Current_LTL||LTL_DE_W-DE_W_500;X;35,9000000000;1,0000000000;0,0230340000;35,9230340000;
Supplier_20_Hub_83_LTL||Current_LTL||LTL_GB-DE_W_1000;Supplier_20;Hub_83;LTL||Current_LTL||LTL_GB-DE_W_1000;X;36,3267536391;1,0000000000;0,0671994514;36,3939530905;
Hub_85_Plant_22_LTL||Current_LTL||LTL_DE_W-CZ_250;Hub_85;Plant_22;LTL||Current_LTL||LTL_DE_W-CZ_250;X;166,4700000000;1,0000000000;0,0000000000;166,4700000000;
Supplier_324_Hub_85_LTL||Current_LTL||LTL_HU-DE_W_1000;Supplier_324;Hub_85;LTL||Current_LTL||LTL_HU-DE_W_1000;X;128,3730023730;1,0840483227;8,1000052160;136,4730075890;
Supplier_140_Hub_83_LTL||Current_LTL||LTL_DE_W-DE_W_250;Supplier_140;Hub_83;LTL||Current_LTL||LTL_DE_W-DE_W_250;X;29,1857074071;1,1572445443;0,7841282143;29,9698356214;
Supplier_106_Hub_83_LTL||Current_LTL||LTL_DE_W-DE_W_250;Supplier_106;Hub_83;LTL||Current_LTL||LTL_DE_W-DE_W_250;X;75,4386491778;1,0567117128;9,1776505071;84,6162996849;
Supplier_245_Hub_85_LTL||Current_LTL||LTL_DE_W-DE_W_100;Supplier_245;Hub_85;LTL||Current_LTL||LTL_DE_W-DE_W_100;X;26,4109534848;1,0088217527;2,3471917098;28,7581451947;
Supplier_38_Hub_85_LTL||Current_LTL||LTL_FR_N-DE_W_1000;Supplier_38;Hub_85;LTL||Current_LTL||LTL_FR_N-DE_W_1000;X;63,9360060690;1,0698215356;0,3398337643;64,2758398333;
Supplier_196_Hub_85_LTL||Current_LTL||LTL_DE_W-DE_W_250;Supplier_196;Hub_85;LTL||Current_LTL||LTL_DE_W-DE_W_250;X;47,6953809124;1,3371287051;2,5228103670;50,2181912794;
Supplier_348_Hub_85_LTL||Current_LTL||LTL_HU-DE_W_1000;Supplier_348;Hub_85;LTL||Current_LTL||LTL_HU-DE_W_1000;X;110,7293855104;1,1229021956;7,5302483571;118,2596338676;
Supplier_29_Hub_81_LTL||Current_LTL||LTL_GB-GB_250;Supplier_29;Hub_81;LTL||Current_LTL||LTL_GB-GB_250;X;97,0300000000;1,0000000000;16,6154687664;113,6454687664;
Supplier_398_Hub_82_LTL||Current_LTL||LTL_FR_N-ES_500;Supplier_398;Hub_82;LTL||Current_LTL||LTL_FR_N-ES_500;X;38,0900000000;1,0000000000;0,1234285714;38,2134285714;
Supplier_142_Hub_83_LTL||Current_LTL||LTL_DE_W-DE_W_500;Supplier_142;Hub_83;LTL||Current_LTL||LTL_DE_W-DE_W_500;X;44,6200000000;1,0000000000;0,2726388000;44,8926388000;
Supplier_294_Hub_85_LTL||Current_LTL||LTL_PL-DE_W_500;Supplier_294;Hub_85;LTL||Current_LTL||LTL_PL-DE_W_500;X;101,4904373098;1,1176130086;5,3742676190;106,8647049288;
Supplier_292_Hub_85_LTL||Current_LTL||LTL_CZ-DE_W_500;Supplier_292;Hub_85;LTL||Current_LTL||LTL_CZ-DE_W_500;X;31,0500000000;1,0000000000;0,3679457143;31,4179457143;
Supplier_215_Hub_85_LTL||Current_LTL||LTL_DE_W-DE_W_100;Supplier_215;Hub_85;LTL||Current_LTL||LTL_DE_W-DE_W_100;X;66,4332063194;1,0602171452;7,0638846429;73,4970909622;
Supplier_136_Hub_83_LTL||Current_LTL||LTL_DE_W-DE_W_250;Supplier_136;Hub_83;LTL||Current_LTL||LTL_DE_W-DE_W_250;X;25,2200000000;1,0000000000;0,2099982857;25,4299982857;
Supplier_204_Hub_85_LTL||Current_LTL||LTL_DE_W-DE_W_250;Supplier_204;Hub_85;LTL||Current_LTL||LTL_DE_W-DE_W_250;X;47,6347419063;1,3354287050;3,1070971429;50,7418390492;
Supplier_304_Hub_85_LTL||Current_LTL||LTL_PL-DE_W_500;Supplier_304;Hub_85;LTL||Current_LTL||LTL_PL-DE_W_500;X;32,0347984821;1,0760765362;1,2518355786;33,2866340606;
Supplier_111_Hub_83_LTL||Current_LTL||LTL_DE_W-DE_W_100;Supplier_111;Hub_83;LTL||Current_LTL||LTL_DE_W-DE_W_100;X;42,8500000000;1,0000000000;3,8680699600;46,7180699600;
Supplier_343_Hub_85_LTL||Current_LTL||LTL_PL-DE_W_1000;Supplier_343;Hub_85;LTL||Current_LTL||LTL_PL-DE_W_1000;X;381,5200000000;1,0000000000;38,4398571429;419,9598571429;
Supplier_30_Hub_81_LTL||Current_LTL||LTL_GB-GB_250;Supplier_30;Hub_81;LTL||Current_LTL||LTL_GB-GB_250;X;24,2300000000;1,0000000000;0,0142688571;24,2442688571;
Supplier_375_Hub_83_LTL||Current_LTL||LTL_BX-DE_W_250;Supplier_375;Hub_83;LTL||Current_LTL||LTL_BX-DE_W_250;X;24,3200000000;1,0000000000;0,4129966286;24,7329966286;
Supplier_28_Hub_82_LTL||Current_LTL||LTL_FR_N-ES_1000;Supplier_28;Hub_82;LTL||Current_LTL||LTL_FR_N-ES_1000;X;463,2577261703;1,0915077663;4,8153600000;468,0730861703;
Supplier_158_Hub_83_LTL||Current_LTL||LTL_DE_W-DE_W_500;Supplier_158;Hub_83;LTL||Current_LTL||LTL_DE_W-DE_W_500;X;35,9000000000;1,0000000000;0,0965988375;35,9965988375;
Supplier_154_Hub_83_LTL||Current_LTL||LTL_DE_W-DE_W_500;Supplier_154;Hub_83;LTL||Current_LTL||LTL_DE_W-DE_W_500;X;75,5100000000;1,0000000000;2,0659786057;77,5759786057;
Supplier_369_Hub_85_LTL||Current_LTL||LTL_DE_W-DE_W_500;Supplier_369;Hub_85;LTL||Current_LTL||LTL_DE_W-DE_W_500;X;376,5400000000;1,0000000000;88,3681597403;464,9081597403;
Supplier_21_Hub_83_LTL||Current_LTL||LTL_GB-DE_W_1000;Supplier_21;Hub_83;LTL||Current_LTL||LTL_GB-DE_W_1000;X;52,6853350728;1,0000000000;0,8881721940;53,5735072668;
Supplier_251_Hub_85_LTL||Current_LTL||LTL_AT-DE_W_250;Supplier_251;Hub_85;LTL||Current_LTL||LTL_AT-DE_W_250;X;36,5300000000;1,0000000000;2,0730600000;38,6030600000;
Supplier_244_Hub_85_LTL||Current_LTL||LTL_DE_W-DE_W_100;Supplier_244;Hub_85;LTL||Current_LTL||LTL_DE_W-DE_W_100;X;139,6670999121;1,0199890449;94,9269709486;234,5940708607;
Supplier_259_Hub_85_LTL||Current_LTL||LTL_CZ-DE_W_250;Supplier_259;Hub_85;LTL||Current_LTL||LTL_CZ-DE_W_250;X;34,4064977264;1,1336572562;2,6376422857;37,0441400121;
Supplier_7_Hub_82_LTL||Current_LTL||LTL_ES-ES_1000;Supplier_7;Hub_82;LTL||Current_LTL||LTL_ES-ES_1000;X;136,1000000000;1,0000000000;0,7611428571;136,8611428571;
Supplier_200_Hub_85_LTL||Current_LTL||LTL_DE_W-DE_W_250;Supplier_200;Hub_85;LTL||Current_LTL||LTL_DE_W-DE_W_250;X;25,2200000000;1,0000000000;0,0218823000;25,2418823000;
Supplier_214_Hub_85_FTL||Supplier_214||Hub_85||FTL_DE_W-DE_W_250;Supplier_214;Hub_85;FTL||Supplier_214||Hub_85||FTL_DE_W-DE_W_250;X;230,4318330562;1,0000000000;228,4198390961;458,8516721523;
Supplier_105_Hub_83_LTL||Current_LTL||LTL_DE_W-DE_W_500;Supplier_105;Hub_83;LTL||Current_LTL||LTL_DE_W-DE_W_500;X;35,9000000000;1,0000000000;0,3899090945;36,2899090945;
Supplier_109_Hub_83_LTL||Current_LTL||LTL_DE_W-DE_W_250;Supplier_109;Hub_83;LTL||Current_LTL||LTL_DE_W-DE_W_250;X;100,9800000000;1,0000000000;4,0833000000;105,0633000000;
Supplier_55_Hub_83_LTL||Current_LTL||LTL_DE_W-DE_W_100;Supplier_55;Hub_83;LTL||Current_LTL||LTL_DE_W-DE_W_100;X;42,8500000000;1,0000000000;0,8767159200;43,7267159200;
Supplier_102_Hub_83_LTL||Current_LTL||LTL_DE_W-DE_W_250;Supplier_102;Hub_83;LTL||Current_LTL||LTL_DE_W-DE_W_250;X;94,7861856419;1,0034531616;6,8037051429;101,5898907847;
Supplier_189_Hub_85_LTL||Current_LTL||LTL_DE_W-DE_W_250;Supplier_189;Hub_85;LTL||Current_LTL||LTL_DE_W-DE_W_250;X;45,3518616780;1,2714286986;2,1298971429;47,4817588209;
Supplier_120_Hub_83_LTL||Current_LTL||LTL_DE_W-DE_W_100;Supplier_120;Hub_83;LTL||Current_LTL||LTL_DE_W-DE_W_100;X;35,7200000000;1,0000000000;0,8982666825;36,6182666825;
Supplier_155_Hub_85_LTL||Current_LTL||LTL_DE_W-DE_W_500;Supplier_155;Hub_85;LTL||Current_LTL||LTL_DE_W-DE_W_500;X;35,9000000000;1,0000000000;0,0908490625;35,9908490625;
Supplier_357_Hub_85_LTL||Current_LTL||LTL_MD-DE_W_1500;Supplier_357;Hub_85;LTL||Current_LTL||LTL_MD-DE_W_1500;X;787,2500000000;1,0000000000;114,8501951923;902,1001951923;
Supplier_275_Hub_85_FTL||Supplier_275||Hub_85||FTL_CZ-DE_W_500;Supplier_275;Hub_85;FTL||Supplier_275||Hub_85||FTL_CZ-DE_W_500;X;387,9398911979;1,0000000000;194,3028026638;582,2426938617;
Supplier_69_Hub_83_LTL||Current_LTL||LTL_DE_W-DE_W_100;Supplier_69;Hub_83;LTL||Current_LTL||LTL_DE_W-DE_W_100;X;44,2082678018;1,0316981984;0,5220424057;44,7303102074;
Supplier_63_Hub_83_FTL||Supplier_63||Hub_83||FTL_DE_W-DE_W_100;Supplier_63;Hub_83;FTL||Supplier_63||Hub_83||FTL_DE_W-DE_W_100;X;141,1965987816;1,0000000000;141,3322368207;282,5288356023;
Supplier_187_Hub_85_LTL||Current_LTL||LTL_DE_W-DE_W_250;Supplier_187;Hub_85;LTL||Current_LTL||LTL_DE_W-DE_W_250;X;68,0494319716;1,1009453482;3,7159200247;71,7653519963;
Supplier_328_Hub_85_LTL||Current_LTL||LTL_PL-DE_W_1000;Supplier_328;Hub_85;LTL||Current_LTL||LTL_PL-DE_W_1000;X;416,4757897190;1,0916224306;76,1952380357;492,6710277547;
Supplier_257_Hub_85_LTL||Current_LTL||LTL_CZ-DE_W_250;Supplier_257;Hub_85;LTL||Current_LTL||LTL_CZ-DE_W_250;X;29,3601857932;1,1172064609;1,5791153143;30,9393011074;
Supplier_132_Hub_83_FTL||Supplier_132||Hub_83||FTL_DE_W-DE_W_250;Supplier_132;Hub_83;FTL||Supplier_132||Hub_83||FTL_DE_W-DE_W_250;X;223,0500461932;1,0000000000;130,6878991431;353,7379453363;
Supplier_307_Hub_85_LTL||Current_LTL||LTL_CZ-DE_W_500;Supplier_307;Hub_85;LTL||Current_LTL||LTL_CZ-DE_W_500;X;110,2618210833;1,0329943890;7,1722491429;117,4340702262;
Supplier_16_Hub_83_LTL||Current_LTL||LTL_GB-DE_W_1000;Supplier_16;Hub_83;LTL||Current_LTL||LTL_GB-DE_W_1000;X;150,5381302827;1,0997014412;6,6449175342;157,1830478168;
Supplier_95_Hub_83_LTL||Current_LTL||LTL_DE_W-DE_W_100;Supplier_95;Hub_83;LTL||Current_LTL||LTL_DE_W-DE_W_100;X;94,5100000000;1,0000000000;27,6222582881;122,1322582881;
Supplier_359_Hub_85_LTL||Current_LTL||LTL_CZ-DE_W_250;Supplier_359;Hub_85;LTL||Current_LTL||LTL_CZ-DE_W_250;X;80,3600000000;1,0000000000;16,2582647143;96,6182647143;
Supplier_344_Hub_85_LTL||Current_LTL||LTL_SK-DE_W_1000;Supplier_344;Hub_85;LTL||Current_LTL||LTL_SK-DE_W_1000;X;820,0666587349;1,0216098499;190,1556277179;1.010,2222864527;
Supplier_233_Hub_85_FTL||Supplier_233||Hub_85||FTL_DE_W-DE_W_500;Supplier_233;Hub_85;FTL||Supplier_233||Hub_85||FTL_DE_W-DE_W_500;X;466,0864300643;1,0000000000;255,5091316027;721,5955616671;
Supplier_199_Hub_85_LTL||Current_LTL||LTL_DE_W-DE_W_250;Supplier_199;Hub_85;LTL||Current_LTL||LTL_DE_W-DE_W_250;X;71,2916360665;1,1533997099;6,5760559329;77,8676919994;
Supplier_367_Hub_85_LTL||Current_LTL||LTL_HU-DE_W_500;Supplier_367;Hub_85;LTL||Current_LTL||LTL_HU-DE_W_500;X;111,6300000000;1,0000000000;4,8161971382;116,4461971382;
Supplier_36_Hub_82_LTL||Current_LTL||LTL_ES-ES_100;Supplier_36;Hub_82;LTL||Current_LTL||LTL_ES-ES_100;X;33,4000000000;1,0000000000;0,8844309638;34,2844309638;
Supplier_273_Hub_85_LTL||Current_LTL||LTL_CZ-DE_W_500;Supplier_273;Hub_85;LTL||Current_LTL||LTL_CZ-DE_W_500;X;31,0500000000;1,0000000000;0,1697710500;31,2197710500;
Supplier_382_Hub_85_LTL||Current_LTL||LTL_PL-DE_W_1000;Supplier_382;Hub_85;LTL||Current_LTL||LTL_PL-DE_W_1000;X;30,1974525243;1,0000000000;0,1435885714;30,3410410957;
Supplier_361_Hub_83_LTL||Current_LTL||LTL_DE_W-DE_W_100;Supplier_361;Hub_83;LTL||Current_LTL||LTL_DE_W-DE_W_100;X;19,8418721141;1,0345084522;0,4927844388;20,3346565528;
Supplier_352_Hub_85_LTL||Current_LTL||LTL_RO-DE_W_1500;Supplier_352;Hub_85;LTL||Current_LTL||LTL_RO-DE_W_1500;X;92,7962445082;1,3929187107;1,6240334839;94,4202779921;
Supplier_169_Hub_85_LTL||Current_LTL||LTL_DE_W-DE_W_250;Supplier_169;Hub_85;LTL||Current_LTL||LTL_DE_W-DE_W_250;X;25,2200000000;1,0000000000;0,1060087500;25,3260087500;
Supplier_97_Hub_83_LTL||Current_LTL||LTL_DE_W-DE_W_500;Supplier_97;Hub_83;LTL||Current_LTL||LTL_DE_W-DE_W_500;X;222,5100000000;1,0000000000;13,9528006286;236,4628006286;
Supplier_195_Hub_83_LTL||Current_LTL||LTL_DE_W-DE_W_500;Supplier_195;Hub_83;LTL||Current_LTL||LTL_DE_W-DE_W_500;X;52,0700000000;1,0000000000;1,1947317000;53,2647317000;
Supplier_39_Hub_82_LTL||Current_LTL||LTL_ES-ES_100;Supplier_39;Hub_82;LTL||Current_LTL||LTL_ES-ES_100;X;17,9300000000;1,0000000000;0,0224438857;17,9524438857;
Supplier_146_Hub_85_LTL||Current_LTL||LTL_DE_W-DE_W_500;Supplier_146;Hub_85;LTL||Current_LTL||LTL_DE_W-DE_W_500;X;35,9000000000;1,0000000000;0,0158038833;35,9158038833;
Supplier_286_Hub_85_LTL||Current_LTL||LTL_BK-DE_W_500;Supplier_286;Hub_85;LTL||Current_LTL||LTL_BK-DE_W_500;X;296,0289617621;1,0448941504;72,9336044076;368,9625661697;
Hub_85_Hub_81_FTL||Hub_85||Hub_81||FTL_MainRun;Hub_85;Hub_81;FTL||Hub_85||Hub_81||FTL_MainRun;X;987,2285701123;1,2556414268;399,3877977046;1.386,6163678169;
Supplier_9_Hub_81_LTL||Current_LTL||LTL_GB-GB_250;Supplier_9;Hub_81;LTL||Current_LTL||LTL_GB-GB_250;X;24,2300000000;1,0000000000;0,2465904000;24,4765904000;
Supplier_265_Hub_85_LTL||Current_LTL||LTL_CZ-DE_W_250;Supplier_265;Hub_85;LTL||Current_LTL||LTL_CZ-DE_W_250;X;96,0600000000;1,0000000000;17,0848463495;113,1448463495;
Supplier_175_Hub_85_LTL||Current_LTL||LTL_AT-DE_W_500;Supplier_175;Hub_85;LTL||Current_LTL||LTL_AT-DE_W_500;X;84,7266006052;1,0887509715;1,8767225714;86,6033231766;
Supplier_368_Hub_85_LTL||Current_LTL||LTL_CZ-DE_W_250;Supplier_368;Hub_85;LTL||Current_LTL||LTL_CZ-DE_W_250;X;21,4500000000;1,0000000000;0,2976471429;21,7476471429;
Supplier_152_Hub_85_LTL||Current_LTL||LTL_DE_W-DE_W_500;Supplier_152;Hub_85;LTL||Current_LTL||LTL_DE_W-DE_W_500;X;35,9000000000;1,0000000000;0,7938102720;36,6938102720;
Supplier_153_Hub_83_LTL||Current_LTL||LTL_DE_W-DE_W_250;Supplier_153;Hub_83;LTL||Current_LTL||LTL_DE_W-DE_W_250;X;50,4600000000;1,0000000000;1,3190995950;51,7790995950;
Supplier_331_Hub_85_LTL||Current_LTL||LTL_PL-DE_W_1000;Supplier_331;Hub_85;LTL||Current_LTL||LTL_PL-DE_W_1000;X;155,1910134783;1,0270069054;4,9063915714;160,0974050497;
Supplier_373_Hub_83_LTL||Current_LTL||LTL_DE_W-DE_W_500;Supplier_373;Hub_83;LTL||Current_LTL||LTL_DE_W-DE_W_500;X;152,6230809511;1,0322832665;2,1009451000;154,7240260511;
Supplier_184_Hub_85_LTL||Current_LTL||LTL_DE_W-DE_W_250;Supplier_184;Hub_85;LTL||Current_LTL||LTL_DE_W-DE_W_250;X;25,2200000000;1,0000000000;0,0134614286;25,2334614286;
Supplier_164_Hub_82_LTL||Current_LTL||LTL_IT-ES_1000;Supplier_164;Hub_82;LTL||Current_LTL||LTL_IT-ES_1000;X;34,7630899661;1,0000000000;0,0039606857;34,7670506518;
Supplier_207_Hub_85_FTL||Supplier_207||Hub_85||FTL_DE_W-DE_W_250;Supplier_207;Hub_85;FTL||Supplier_207||Hub_85||FTL_DE_W-DE_W_250;X;328,0383638679;1,0000000000;222,6291862472;550,6675501151;
Supplier_260_Hub_85_LTL||Current_LTL||LTL_CZ-DE_W_250;Supplier_260;Hub_85;LTL||Current_LTL||LTL_CZ-DE_W_250;X;42,9300000000;1,0000000000;3,3506961514;46,2806961514;
Supplier_356_Hub_85_LTL||Current_LTL||LTL_RO-DE_W_1500;Supplier_356;Hub_85;LTL||Current_LTL||LTL_RO-DE_W_1500;X;729,4891485778;1,0468531493;38,0866741286;767,5758227064;
Supplier_172_Hub_85_LTL||Current_LTL||LTL_DE_W-DE_W_250;Supplier_172;Hub_85;LTL||Current_LTL||LTL_DE_W-DE_W_250;X;46,6395601023;1,3075290188;3,0421838796;49,6817439819;
Supplier_355_Hub_85_LTL||Current_LTL||LTL_BG-DE_W_1500;Supplier_355;Hub_85;LTL||Current_LTL||LTL_BG-DE_W_1500;X;166,8392116214;1,0607108629;6,5584292932;173,3976409146;
Supplier_143_Hub_85_LTL||Current_LTL||LTL_DE_W-DE_W_500;Supplier_143;Hub_85;LTL||Current_LTL||LTL_DE_W-DE_W_500;X;36,8436608272;1,0262858169;1,1846057143;38,0282665415;
Supplier_173_Hub_85_LTL||Current_LTL||LTL_DE_W-DE_W_250;Supplier_173;Hub_85;LTL||Current_LTL||LTL_DE_W-DE_W_250;X;71,2834010418;1,1532664786;6,3293265501;77,6127275919;
Supplier_44_Hub_83_LTL||Current_LTL||LTL_FR_N-DE_W_1000;Supplier_44;Hub_83;LTL||Current_LTL||LTL_FR_N-DE_W_1000;X;278,2500000000;1,0000000000;23,0844269388;301,3344269388;
Supplier_253_Hub_85_LTL||Current_LTL||LTL_DE_W-DE_W_500;Supplier_253;Hub_85;LTL||Current_LTL||LTL_DE_W-DE_W_500;X;169,8391325464;1,0038367075;10,1504286771;179,9895612236;
Supplier_383_Hub_85_LTL||Current_LTL||LTL_DE_W-DE_W_500;Supplier_383;Hub_85;LTL||Current_LTL||LTL_DE_W-DE_W_500;X;42,4942624137;1,1836841898;1,3770191364;43,8712815501;
Supplier_108_Hub_83_LTL||Current_LTL||LTL_DE_W-DE_W_100;Supplier_108;Hub_83;LTL||Current_LTL||LTL_DE_W-DE_W_100;X;151,3400000000;1,0000000000;104,1678986823;255,5078986823;
Supplier_256_Hub_85_LTL||Current_LTL||LTL_CZ-DE_W_250;Supplier_256;Hub_85;LTL||Current_LTL||LTL_CZ-DE_W_250;X;74,3900000000;1,0000000000;13,0888396726;87,4788396726;
Supplier_384_Hub_83_LTL||Current_LTL||LTL_DE_W-DE_W_250;Supplier_384;Hub_83;LTL||Current_LTL||LTL_DE_W-DE_W_250;X;25,2200000000;1,0000000000;0,2581895497;25,4781895497;
Supplier_305_Hub_85_LTL||Current_LTL||LTL_HU-DE_W_500;Supplier_305;Hub_85;LTL||Current_LTL||LTL_HU-DE_W_500;X;82,8968732540;1,2138947614;2,9465870571;85,8434603112;
Supplier_302_Hub_85_LTL||Current_LTL||LTL_AT-DE_W_500;Supplier_302;Hub_85;LTL||Current_LTL||LTL_AT-DE_W_500;X;37,0000000000;1,0000000000;0,2917480457;37,2917480457;
Supplier_134_Hub_85_LTL||Current_LTL||LTL_DE_W-DE_W_500;Supplier_134;Hub_85;LTL||Current_LTL||LTL_DE_W-DE_W_500;X;52,0700000000;1,0000000000;0,9191965561;52,9891965561;
Supplier_4_Hub_82_LTL||Current_LTL||LTL_PT-ES_1500;Supplier_4;Hub_82;LTL||Current_LTL||LTL_PT-ES_1500;X;41,8800000000;1,0000000000;0,1206857143;42,0006857143;
Supplier_337_Hub_82_LTL||Current_LTL||LTL_SK-ES_2000;Supplier_337;Hub_82;LTL||Current_LTL||LTL_SK-ES_2000;X;1.373,9900000000;1,0000000000;139,4929074774;1.513,4829074774;
Hub_82_Plant_16_LTL||Current_LTL||LTL_ES-FR_N_1000;Hub_82;Plant_16;LTL||Current_LTL||LTL_ES-FR_N_1000;X;67,0360954277;1,1428572571;0,0000000000;67,0360954277;
Supplier_293_Hub_85_LTL||Current_LTL||LTL_PL-DE_W_500;Supplier_293;Hub_85;LTL||Current_LTL||LTL_PL-DE_W_500;X;307,4934402937;1,0579145403;72,0409093064;379,5343496002;
Supplier_303_Hub_85_LTL||Current_LTL||LTL_PL-DE_W_500;Supplier_303;Hub_85;LTL||Current_LTL||LTL_PL-DE_W_500;X;29,7700000000;1,0000000000;0,2153828571;29,9853828571;
Supplier_186_Hub_85_LTL||Current_LTL||LTL_DE_W-DE_W_250;Supplier_186;Hub_85;LTL||Current_LTL||LTL_DE_W-DE_W_250;X;95,1191382805;1,0069779619;5,2724022027;100,3915404832;
Supplier_266_Hub_85_LTL||Current_LTL||LTL_CZ-DE_W_250;Supplier_266;Hub_85;LTL||Current_LTL||LTL_CZ-DE_W_250;X;60,7300000000;1,0000000000;6,9263487499;67,6563487499;
Supplier_220_Hub_85_LTL||Current_LTL||LTL_DE_W-DE_W_250;Supplier_220;Hub_85;LTL||Current_LTL||LTL_DE_W-DE_W_250;X;25,2200000000;1,0000000000;0,1158339413;25,3358339413;
Supplier_381_Hub_85_LTL||Current_LTL||LTL_CZ-DE_W_500;Supplier_381;Hub_85;LTL||Current_LTL||LTL_CZ-DE_W_500;X;173,1537289202;1,1184918863;26,0235752859;199,1773042061;
Supplier_291_Hub_83_LTL||Current_LTL||LTL_SE-DE_W_1500;Supplier_291;Hub_83;LTL||Current_LTL||LTL_SE-DE_W_1500;X;114,6300000000;1,0000000000;3,1589485714;117,7889485714;
Supplier_86_Hub_83_LTL||Current_LTL||LTL_DE_W-DE_W_100;Supplier_86;Hub_83;LTL||Current_LTL||LTL_DE_W-DE_W_100;X;23,0100000000;1,0000000000;0,1206666254;23,1306666254;
Supplier_298_Hub_85_LTL||Current_LTL||LTL_CZ-DE_W_500;Supplier_298;Hub_85;LTL||Current_LTL||LTL_CZ-DE_W_500;X;127,8500000000;1,0000000000;6,2820000000;134,1320000000;
Supplier_288_Hub_85_LTL||Current_LTL||LTL_AT-DE_W_500;Supplier_288;Hub_85;LTL||Current_LTL||LTL_AT-DE_W_500;X;37,0000000000;1,0000000000;0,2034171429;37,2034171429;
Supplier_179_Hub_85_LTL||Current_LTL||LTL_DE_W-DE_W_250;Supplier_179;Hub_85;LTL||Current_LTL||LTL_DE_W-DE_W_250;X;55,0664628638;1,0912893948;1,8761686586;56,9426315224;
Supplier_33_Hub_85_LTL||Current_LTL||LTL_FR_N-DE_W_1000;Supplier_33;Hub_85;LTL||Current_LTL||LTL_FR_N-DE_W_1000;X;660,0087945009;1,1314501131;59,2354453303;719,2442398312;
Supplier_135_Hub_83_LTL||Current_LTL||LTL_DE_W-DE_W_250;Supplier_135;Hub_83;LTL||Current_LTL||LTL_DE_W-DE_W_250;X;30,8900000000;1,0000000000;1,6081920000;32,4981920000;
Supplier_79_Hub_82_LTL||Current_LTL||LTL_IT-ES_1000;Supplier_79;Hub_82;LTL||Current_LTL||LTL_IT-ES_1000;X;78,3600000000;1,0000000000;2,5274897959;80,8874897959;
Supplier_283_Hub_85_LTL||Current_LTL||LTL_BK-DE_W_500;Supplier_283;Hub_85;LTL||Current_LTL||LTL_BK-DE_W_500;X;410,8800000000;1,0000000000;132,8364472448;543,7164472448;
Supplier_345_Hub_85_LTL||Current_LTL||LTL_RO-DE_W_1000;Supplier_345;Hub_85;LTL||Current_LTL||LTL_RO-DE_W_1000;X;606,4384415558;1,1132213113;67,7241395043;674,1625810602;
Supplier_227_Hub_85_LTL||Current_LTL||LTL_DE_W-DE_W_100;Supplier_227;Hub_85;LTL||Current_LTL||LTL_DE_W-DE_W_100;X;79,5195272438;1,0814569189;25,1618951293;104,6814223731;
Supplier_391_Hub_83_LTL||Current_LTL||LTL_DE_W-DE_W_100;Supplier_391;Hub_83;LTL||Current_LTL||LTL_DE_W-DE_W_100;X;19,1800000000;1,0000000000;0,0801039757;19,2601039757;
Supplier_64_Hub_83_LTL||Current_LTL||LTL_DE_W-DE_W_100;Supplier_64;Hub_83;LTL||Current_LTL||LTL_DE_W-DE_W_100;X;58,4700000000;1,0000000000;12,8475820440;71,3175820440;
Supplier_160_Hub_83_LTL||Current_LTL||LTL_DE_W-DE_W_500;Supplier_160;Hub_83;LTL||Current_LTL||LTL_DE_W-DE_W_500;X;424,4100000000;1,0000000000;109,2798771429;533,6898771429;
Supplier_222_Hub_85_LTL||Current_LTL||LTL_DE_W-DE_W_100;Supplier_222;Hub_85;LTL||Current_LTL||LTL_DE_W-DE_W_100;X;62,6600000000;1,0000000000;12,5138791950;75,1738791950;
Supplier_235_Hub_85_LTL||Current_LTL||LTL_DE_W-DE_W_100;Supplier_235;Hub_85;LTL||Current_LTL||LTL_DE_W-DE_W_100;X;23,0100000000;1,0000000000;1,0858885714;24,0958885714;
Supplier_147_Hub_85_LTL||Current_LTL||LTL_DE_W-DE_W_500;Supplier_147;Hub_85;LTL||Current_LTL||LTL_DE_W-DE_W_500;X;93,8600000000;1,0000000000;2,5874896562;96,4474896562;
Supplier_116_Hub_83_LTL||Current_LTL||LTL_DE_W-DE_W_100;Supplier_116;Hub_83;LTL||Current_LTL||LTL_DE_W-DE_W_100;X;46,7401725312;1,0907858234;3,5738445234;50,3140170546;
Supplier_80_Hub_82_LTL||Current_LTL||LTL_IT-ES_1000;Supplier_80;Hub_82;LTL||Current_LTL||LTL_IT-ES_1000;X;34,7630899661;1,0000000000;0,0970971429;34,8601871089;
Supplier_60_Hub_83_LTL||Current_LTL||LTL_DE_W-DE_W_100;Supplier_60;Hub_83;LTL||Current_LTL||LTL_DE_W-DE_W_100;X;19,1800000000;1,0000000000;0,1082377382;19,2882377382;
Supplier_185_Hub_82_LTL||Current_LTL||LTL_IT-ES_1000;Supplier_185;Hub_82;LTL||Current_LTL||LTL_IT-ES_1000;X;34,7630899661;1,0000000000;0,0546377143;34,8177276804;
Supplier_188_Hub_85_LTL||Current_LTL||LTL_DE_W-DE_W_250;Supplier_188;Hub_85;LTL||Current_LTL||LTL_DE_W-DE_W_250;X;25,2200000000;1,0000000000;0,0169165286;25,2369165286;
Supplier_3_Hub_82_LTL||Current_LTL||LTL_PT-ES_1500;Supplier_3;Hub_82;LTL||Current_LTL||LTL_PT-ES_1500;X;183,7274850394;1,0133334347;1,7510400000;185,4785250394;
Supplier_12_Hub_82_LTL||Current_LTL||LTL_ES-ES_500;Supplier_12;Hub_82;LTL||Current_LTL||LTL_ES-ES_500;X;38,9130651158;1,1529797071;0,1058605714;39,0189256872;
Supplier_166_Hub_83_LTL||Current_LTL||LTL_DE_W-DE_W_500;Supplier_166;Hub_83;LTL||Current_LTL||LTL_DE_W-DE_W_500;X;292,6400000000;1,0000000000;33,9981486382;326,6381486382;
Supplier_224_Hub_85_LTL||Current_LTL||LTL_DE_W-DE_W_100;Supplier_224;Hub_85;LTL||Current_LTL||LTL_DE_W-DE_W_100;X;86,7301860643;1,0671857520;23,5949526857;110,3251387500;
Supplier_376_Hub_85_LTL||Current_LTL||LTL_DE_W-DE_W_500;Supplier_376;Hub_85;LTL||Current_LTL||LTL_DE_W-DE_W_500;X;147,8500000000;1,0000000000;10,1004884633;157,9504884633;
Supplier_107_Hub_83_LTL||Current_LTL||LTL_DE_W-DE_W_100;Supplier_107;Hub_83;LTL||Current_LTL||LTL_DE_W-DE_W_100;X;35,7200000000;1,0000000000;1,9707187165;37,6907187165;
Supplier_90_Hub_83_LTL||Current_LTL||LTL_DE_W-DE_W_100;Supplier_90;Hub_83;LTL||Current_LTL||LTL_DE_W-DE_W_100;X;53,8800000000;1,0000000000;10,3337589001;64,2137589001;
Supplier_327_Hub_85_LTL||Current_LTL||LTL_SK-DE_W_1000;Supplier_327;Hub_85;LTL||Current_LTL||LTL_SK-DE_W_1000;X;374,2034577328;1,1264063626;9,0558345500;383,2592922828;
Supplier_311_Hub_85_LTL||Current_LTL||LTL_HU-DE_W_500;Supplier_311;Hub_85;LTL||Current_LTL||LTL_HU-DE_W_500;X;85,3503936223;1,0055418664;4,7164484211;90,0668420435;
Supplier_386_Hub_85_LTL||Current_LTL||LTL_DE_W-DE_W_250;Supplier_386;Hub_85;LTL||Current_LTL||LTL_DE_W-DE_W_250;X;25,2200000000;1,0000000000;1,1055028700;26,3255028700;
Supplier_78_Hub_83_LTL||Current_LTL||LTL_DE_W-DE_W_100;Supplier_78;Hub_83;LTL||Current_LTL||LTL_DE_W-DE_W_100;X;70,1400000000;1,0000000000;17,5914463097;87,7314463097;
Supplier_230_Hub_85_LTL||Current_LTL||LTL_DE_W-DE_W_100;Supplier_230;Hub_85;LTL||Current_LTL||LTL_DE_W-DE_W_100;X;60,9665658714;1,0426982362;14,5560659219;75,5226317934;
Supplier_198_Hub_85_LTL||Current_LTL||LTL_DE_W-DE_W_500;Supplier_198;Hub_85;LTL||Current_LTL||LTL_DE_W-DE_W_500;X;35,9000000000;1,0000000000;0,0503463411;35,9503463411;
Supplier_377_Hub_85_LTL||Current_LTL||LTL_DE_W-DE_W_250;Supplier_377;Hub_85;LTL||Current_LTL||LTL_DE_W-DE_W_250;X;82,8230647394;1,0376229609;12,0710125714;94,8940773109;
Supplier_124_Hub_83_LTL||Current_LTL||LTL_DE_W-DE_W_250;Supplier_124;Hub_83;LTL||Current_LTL||LTL_DE_W-DE_W_250;X;126,2500000000;1,0000000000;25,2007415714;151,4507415714;
Supplier_308_Hub_85_LTL||Current_LTL||LTL_HU-DE_W_500;Supplier_308;Hub_85;LTL||Current_LTL||LTL_HU-DE_W_500;X;234,8000000000;1,0000000000;22,5647740204;257,3647740204;
Supplier_2_Hub_82_LTL||Current_LTL||LTL_PT-ES_1500;Supplier_2;Hub_82;LTL||Current_LTL||LTL_PT-ES_1500;X;567,0900000000;1,0000000000;48,2778514286;615,3678514286;
Supplier_267_Hub_85_LTL||Current_LTL||LTL_DE_W-DE_W_500;Supplier_267;Hub_85;LTL||Current_LTL||LTL_DE_W-DE_W_500;X;180,4435964507;1,0079521643;17,7294736160;198,1730700667;
Supplier_46_Hub_83_LTL||Current_LTL||LTL_BX-DE_W_250;Supplier_46;Hub_83;LTL||Current_LTL||LTL_BX-DE_W_250;X;34,4000000000;1,0000000000;0,5312719615;34,9312719615;
Supplier_57_Hub_85_LTL||Current_LTL||LTL_DE_W-DE_W_500;Supplier_57;Hub_85;LTL||Current_LTL||LTL_DE_W-DE_W_500;X;35,9000000000;1,0000000000;0,0301258670;35,9301258670;
Supplier_88_Hub_83_LTL||Current_LTL||LTL_DE_W-DE_W_100;Supplier_88;Hub_83;LTL||Current_LTL||LTL_DE_W-DE_W_100;X;19,1800000000;1,0000000000;0,0243053571;19,2043053571;
Supplier_65_Hub_83_LTL||Current_LTL||LTL_DE_W-DE_W_100;Supplier_65;Hub_83;LTL||Current_LTL||LTL_DE_W-DE_W_100;X;19,1800000000;1,0000000000;0,2094000000;19,3894000000;
Supplier_10_Hub_82_LTL||Current_LTL||LTL_ES-ES_1000;Supplier_10;Hub_82;LTL||Current_LTL||LTL_ES-ES_1000;X;264,7760069576;1,0858596086;4,7557714286;269,5317783862;
Supplier_93_Hub_83_LTL||Current_LTL||LTL_DE_W-DE_W_100;Supplier_93;Hub_83;LTL||Current_LTL||LTL_DE_W-DE_W_100;X;19,1800000000;1,0000000000;0,2886268639;19,4686268639;
Supplier_335_Hub_85_LTL||Current_LTL||LTL_HU-DE_W_1000;Supplier_335;Hub_85;LTL||Current_LTL||LTL_HU-DE_W_1000;X;32,8320292369;1,0000000000;0,0228339482;32,8548631851;
Supplier_394_Hub_83_LTL||Current_LTL||LTL_DE_W-DE_W_100;Supplier_394;Hub_83;LTL||Current_LTL||LTL_DE_W-DE_W_100;X;19,1800000000;1,0000000000;0,0149332114;19,1949332114;
Supplier_289_Hub_85_LTL||Current_LTL||LTL_PL-DE_W_1000;Supplier_289;Hub_85;LTL||Current_LTL||LTL_PL-DE_W_1000;X;245,4400000000;1,0000000000;23,0172480000;268,4572480000;
Supplier_378_Hub_83_LTL||Current_LTL||LTL_DE_W-DE_W_250;Supplier_378;Hub_83;LTL||Current_LTL||LTL_DE_W-DE_W_250;X;30,8900000000;1,0000000000;1,2162849429;32,1062849429;
Supplier_144_Hub_85_LTL||Current_LTL||LTL_DE_W-DE_W_500;Supplier_144;Hub_85;LTL||Current_LTL||LTL_DE_W-DE_W_500;X;75,5100000000;1,0000000000;0,2844578283;75,7944578283;
Supplier_219_Hub_85_LTL||Current_LTL||LTL_DE_W-DE_W_100;Supplier_219;Hub_85;LTL||Current_LTL||LTL_DE_W-DE_W_100;X;84,9694402659;1,0455203675;22,1288742336;107,0983144995;
Supplier_295_Hub_85_LTL||Current_LTL||LTL_CZ-DE_W_500;Supplier_295;Hub_85;LTL||Current_LTL||LTL_CZ-DE_W_500;X;81,1063395392;1,2420572671;5,7797059048;86,8860454440;
Supplier_62_Hub_83_LTL||Current_LTL||LTL_DE_W-DE_W_100;Supplier_62;Hub_83;LTL||Current_LTL||LTL_DE_W-DE_W_100;X;120,3500000000;1,0000000000;66,3571074331;186,7071074331;
Supplier_27_Hub_82_LTL||Current_LTL||LTL_ES-ES_500;Supplier_27;Hub_82;LTL||Current_LTL||LTL_ES-ES_500;X;41,9400000000;1,0000000000;0,2389333333;42,1789333333;
Supplier_353_Hub_85_LTL||Current_LTL||LTL_RO-DE_W_1500;Supplier_353;Hub_85;LTL||Current_LTL||LTL_RO-DE_W_1500;X;103,5500000000;1,0000000000;2,1262132584;105,6762132584;
Supplier_84_Hub_83_LTL||Current_LTL||LTL_DE_W-DE_W_100;Supplier_84;Hub_83;LTL||Current_LTL||LTL_DE_W-DE_W_100;X;19,1800000000;1,0000000000;0,2873261160;19,4673261160;
Supplier_310_Hub_85_LTL||Current_LTL||LTL_CZ-DE_W_500;Supplier_310;Hub_85;LTL||Current_LTL||LTL_CZ-DE_W_500;X;114,0593256916;1,0685715354;7,8315600000;121,8908856916;
Supplier_370_Hub_85_LTL||Current_LTL||LTL_DE_W-DE_W_500;Supplier_370;Hub_85;LTL||Current_LTL||LTL_DE_W-DE_W_500;X;38,6352419588;1,0761905838;0,6197242857;39,2549662445;
Supplier_26_Hub_83_LTL||Current_LTL||LTL_FR_N-DE_W_1000;Supplier_26;Hub_83;LTL||Current_LTL||LTL_FR_N-DE_W_1000;X;327,5088327509;1,0480953429;27,6153728571;355,1242056080;
Supplier_385_Hub_85_LTL||Current_LTL||LTL_DE_W-DE_W_500;Supplier_385;Hub_85;LTL||Current_LTL||LTL_DE_W-DE_W_500;X;259,6300000000;1,0000000000;17,3222748185;276,9522748185;
Supplier_149_Hub_83_LTL||Current_LTL||LTL_DE_W-DE_W_500;Supplier_149;Hub_83;LTL||Current_LTL||LTL_DE_W-DE_W_500;X;44,6200000000;1,0000000000;0,5593971429;45,1793971429;
Supplier_379_Hub_85_LTL||Current_LTL||LTL_DE_W-DE_W_250;Supplier_379;Hub_85;LTL||Current_LTL||LTL_DE_W-DE_W_250;X;84,0285522732;1,0527255359;3,6201550629;87,6487073360;
Supplier_61_Hub_83_LTL||Current_LTL||LTL_DE_W-DE_W_100;Supplier_61;Hub_83;LTL||Current_LTL||LTL_DE_W-DE_W_100;X;33,7030133703;1,2873572716;1,3411571429;35,0441705132;
Supplier_45_Hub_83_LTL||Current_LTL||LTL_FR_N-DE_W_1000;Supplier_45;Hub_83;LTL||Current_LTL||LTL_FR_N-DE_W_1000;X;264,3025918588;1,0948286809;22,9257102857;287,2283021445;
Supplier_243_Hub_85_LTL||Current_LTL||LTL_CZ-DE_W_250;Supplier_243;Hub_85;LTL||Current_LTL||LTL_CZ-DE_W_250;X;25,6962407393;1,1979599412;1,3306982361;27,0269389753;
Supplier_263_Hub_85_LTL||Current_LTL||LTL_CZ-DE_W_250;Supplier_263;Hub_85;LTL||Current_LTL||LTL_CZ-DE_W_250;X;60,7300000000;1,0000000000;6,1649842886;66,8949842886;
Supplier_364_Hub_85_LTL||Current_LTL||LTL_CZ-DE_W_250;Supplier_364;Hub_85;LTL||Current_LTL||LTL_CZ-DE_W_250;X;134,4450386690;1,0577062282;43,0662676190;177,5113062880;
Supplier_366_Hub_85_LTL||Current_LTL||LTL_CZ-DE_W_250;Supplier_366;Hub_85;LTL||Current_LTL||LTL_CZ-DE_W_250;X;21,4500000000;1,0000000000;0,0687660127;21,5187660127;
Supplier_388_Hub_85_LTL||Current_LTL||LTL_CZ-DE_W_250;Supplier_388;Hub_85;LTL||Current_LTL||LTL_CZ-DE_W_250;X;26,2800000000;1,0000000000;1,5022026943;27,7822026943;
Supplier_296_Hub_83_LTL||Current_LTL||LTL_AT-DE_W_1000;Supplier_296;Hub_83;LTL||Current_LTL||LTL_AT-DE_W_1000;X;44,7732278250;1,1956045152;0,7179428571;45,4911706821;
Supplier_336_Hub_83_LTL||Current_LTL||LTL_PL-DE_W_1000;Supplier_336;Hub_83;LTL||Current_LTL||LTL_PL-DE_W_1000;X;374,5766288862;1,1025715388;55,4108297143;429,9874586005;
Supplier_208_Hub_85_LTL||Current_LTL||LTL_DE_W-DE_W_250;Supplier_208;Hub_85;LTL||Current_LTL||LTL_DE_W-DE_W_250;X;25,2200000000;1,0000000000;0,1842429167;25,4042429167;
Supplier_279_Hub_85_LTL||Current_LTL||LTL_AT-DE_W_500;Supplier_279;Hub_85;LTL||Current_LTL||LTL_AT-DE_W_500;X;96,8137585991;1,0008659010;6,2245645714;103,0383231706;
Supplier_74_Hub_83_LTL||Current_LTL||LTL_DE_W-DE_W_100;Supplier_74;Hub_83;LTL||Current_LTL||LTL_DE_W-DE_W_100;X;32,4214184146;1,2384040647;0,3815462443;32,8029646588;
Supplier_22_Hub_83_LTL||Current_LTL||LTL_GB-DE_W_1000;Supplier_22;Hub_83;LTL||Current_LTL||LTL_GB-DE_W_1000;X;175,8058160663;1,0367131505;14,9979528112;190,8037688775;
Supplier_277_Hub_85_LTL||Current_LTL||LTL_DE_W-DE_W_500;Supplier_277;Hub_85;LTL||Current_LTL||LTL_DE_W-DE_W_500;X;35,9000000000;1,0000000000;0,0592985900;35,9592985900;
Supplier_125_Hub_83_LTL||Current_LTL||LTL_DE_W-DE_W_250;Supplier_125;Hub_83;LTL||Current_LTL||LTL_DE_W-DE_W_250;X;25,2200000000;1,0000000000;0,0657067286;25,2857067286;
Supplier_121_Hub_83_LTL||Current_LTL||LTL_DE_W-DE_W_100;Supplier_121;Hub_83;LTL||Current_LTL||LTL_DE_W-DE_W_100;X;19,1800000000;1,0000000000;0,1832251870;19,3632251870;
Supplier_389_Hub_85_LTL||Current_LTL||LTL_CZ-DE_W_250;Supplier_389;Hub_85;LTL||Current_LTL||LTL_CZ-DE_W_250;X;21,4500000000;1,0000000000;0,7538400000;22,2038400000;
Supplier_254_Hub_85_LTL||Current_LTL||LTL_DE_W-DE_W_500;Supplier_254;Hub_85;LTL||Current_LTL||LTL_DE_W-DE_W_500;X;376,5400000000;1,0000000000;37,6009846172;414,1409846172;
Supplier_127_Hub_85_LTL||Current_LTL||LTL_DE_W-DE_W_500;Supplier_127;Hub_85;LTL||Current_LTL||LTL_DE_W-DE_W_500;X;35,9000000000;1,0000000000;0,0131622857;35,9131622857;
Supplier_399_Hub_83_LTL||Current_LTL||LTL_DE_W-DE_W_250;Supplier_399;Hub_83;LTL||Current_LTL||LTL_DE_W-DE_W_250;X;79,8200000000;1,0000000000;10,7691428571;90,5891428571;
Supplier_280_Hub_85_LTL||Current_LTL||LTL_DE_W-DE_W_500;Supplier_280;Hub_85;LTL||Current_LTL||LTL_DE_W-DE_W_500;X;468,0100000000;1,0000000000;132,1016117550;600,1116117550;
Supplier_91_Hub_83_LTL||Current_LTL||LTL_DE_W-DE_W_250;Supplier_91;Hub_83;LTL||Current_LTL||LTL_DE_W-DE_W_250;X;145,5507913551;1,0522758195;36,7244224286;182,2752137836;
Supplier_225_Hub_85_LTL||Current_LTL||LTL_DE_W-DE_W_100;Supplier_225;Hub_85;LTL||Current_LTL||LTL_DE_W-DE_W_100;X;22,8894142889;1,1934001193;1,3883220000;24,2777362889;
Supplier_392_Hub_85_LTL||Current_LTL||LTL_PL-DE_W_1000;Supplier_392;Hub_85;LTL||Current_LTL||LTL_PL-DE_W_1000;X;73,1491855069;1,0743014467;1,6572456252;74,8064311321;
Supplier_51_Hub_83_LTL||Current_LTL||LTL_BX-DE_W_250;Supplier_51;Hub_83;LTL||Current_LTL||LTL_BX-DE_W_250;X;67,5177936565;1,1326588434;1,8611119105;69,3789055670;
Supplier_77_Hub_83_LTL||Current_LTL||LTL_DE_W-DE_W_100;Supplier_77;Hub_83;LTL||Current_LTL||LTL_DE_W-DE_W_100;X;35,7200000000;1,0000000000;0,6002451000;36,3202451000;
Supplier_72_Hub_83_LTL||Current_LTL||LTL_DE_W-DE_W_100;Supplier_72;Hub_83;LTL||Current_LTL||LTL_DE_W-DE_W_100;X;100,8297051187;1,0048804576;18,6236560886;119,4533612073;
Supplier_276_Hub_85_FTL||Supplier_276||Hub_85||FTL_CZ-DE_W_500;Supplier_276;Hub_85;FTL||Supplier_276||Hub_85||FTL_CZ-DE_W_500;X;388,6926418912;1,0000000000;209,4319964585;598,1246383497;
Supplier_360_Hub_85_LTL||Current_LTL||LTL_CZ-DE_W_500;Supplier_360;Hub_85;LTL||Current_LTL||LTL_CZ-DE_W_500;X;93,1334281705;1,1475286862;5,6913723429;98,8248005133;
Supplier_19_Hub_82_FTL||Supplier_19||Hub_82||FTL_ES-ES_500;Supplier_19;Hub_82;FTL||Supplier_19||Hub_82||FTL_ES-ES_500;X;541,5530404727;1,0000000000;51,8400000000;593,3930404727;
Supplier_372_Hub_83_LTL||Current_LTL||LTL_GB-DE_W_1000;Supplier_372;Hub_83;LTL||Current_LTL||LTL_GB-DE_W_1000;X;58,4556395216;1,1095239205;2,0910085714;60,5466480930;
Supplier_193_Hub_85_LTL||Current_LTL||LTL_DE_W-DE_W_500;Supplier_193;Hub_85;LTL||Current_LTL||LTL_DE_W-DE_W_500;X;125,3427519628;1,0154143873;11,8126528571;137,1554048200;
Supplier_71_Hub_83_LTL||Current_LTL||LTL_DE_W-DE_W_100;Supplier_71;Hub_83;LTL||Current_LTL||LTL_DE_W-DE_W_100;X;88,1900000000;1,0000000000;34,5261378389;122,7161378389;
Supplier_131_Hub_83_LTL||Current_LTL||LTL_DE_W-DE_W_250;Supplier_131;Hub_83;LTL||Current_LTL||LTL_DE_W-DE_W_250;X;30,8900000000;1,0000000000;0,4106336493;31,3006336493;
Supplier_290_Hub_85_LTL||Current_LTL||LTL_PL-DE_W_1000;Supplier_290;Hub_85;LTL||Current_LTL||LTL_PL-DE_W_1000;X;111,9894411989;1,0581012963;7,3070746015;119,2965158004;
Supplier_270_Hub_85_LTL||Current_LTL||LTL_CZ-DE_W_500;Supplier_270;Hub_85;LTL||Current_LTL||LTL_CZ-DE_W_500;X;81,1600000000;1,0000000000;1,3425531429;82,5025531429;
Supplier_66_Hub_83_LTL||Current_LTL||LTL_DE_W-DE_W_100;Supplier_66;Hub_83;LTL||Current_LTL||LTL_DE_W-DE_W_100;X;19,1800000000;1,0000000000;0,0574354286;19,2374354286;
Supplier_170_Hub_85_LTL||Current_LTL||LTL_DE_W-DE_W_500;Supplier_170;Hub_85;LTL||Current_LTL||LTL_DE_W-DE_W_500;X;37,0909719631;1,0331747065;0,9735604286;38,0645323916;
Supplier_203_Hub_85_LTL||Current_LTL||LTL_DE_W-DE_W_250;Supplier_203;Hub_85;LTL||Current_LTL||LTL_DE_W-DE_W_250;X;69,8912229891;1,1307429702;7,8925851429;77,7838081320;
Supplier_397_Hub_83_LTL||Current_LTL||LTL_CZ-DE_W_1000;Supplier_397;Hub_83;LTL||Current_LTL||LTL_CZ-DE_W_1000;X;307,3809479952;1,0842743941;39,2475428571;346,6284908524;
Supplier_206_Hub_85_LTL||Current_LTL||LTL_DE_W-DE_W_250;Supplier_206;Hub_85;LTL||Current_LTL||LTL_DE_W-DE_W_250;X;45,8490335849;1,2853667952;1,9083811392;47,7574147241;
Supplier_53_Hub_83_LTL||Current_LTL||LTL_DE_W-DE_W_100;Supplier_53;Hub_83;LTL||Current_LTL||LTL_DE_W-DE_W_100;X;19,1800000000;1,0000000000;0,0277018750;19,2077018750;
Supplier_212_Hub_85_LTL||Current_LTL||LTL_DE_W-DE_W_250;Supplier_212;Hub_85;LTL||Current_LTL||LTL_DE_W-DE_W_250;X;159,7300000000;1,0000000000;38,7476694263;198,4776694263;
Supplier_73_Hub_83_LTL||Current_LTL||LTL_DE_W-DE_W_100;Supplier_73;Hub_83;LTL||Current_LTL||LTL_DE_W-DE_W_100;X;19,1800000000;1,0000000000;0,1816126200;19,3616126200;
Supplier_150_Hub_82_LTL||Current_LTL||LTL_IT-ES_1000;Supplier_150;Hub_82;LTL||Current_LTL||LTL_IT-ES_1000;X;34,7630899661;1,0000000000;0,1645714286;34,9276613947;
Supplier_228_Hub_85_LTL||Current_LTL||LTL_DE_W-DE_W_250;Supplier_228;Hub_85;LTL||Current_LTL||LTL_DE_W-DE_W_250;X;25,2200000000;1,0000000000;0,0413826750;25,2613826750;
Supplier_242_Hub_85_LTL||Current_LTL||LTL_IT-DE_W_1000;Supplier_242;Hub_85;LTL||Current_LTL||LTL_IT-DE_W_1000;X;39,9754233693;1,0000000000;0,0329057143;40,0083290836;
Supplier_49_Hub_82_LTL||Current_LTL||LTL_FR_N-ES_1000;Supplier_49;Hub_82;LTL||Current_LTL||LTL_FR_N-ES_1000;X;40,4385346980;1,0000000000;0,0246857143;40,4632204122;
Supplier_104_Hub_85_LTL||Current_LTL||LTL_DE_W-DE_W_500;Supplier_104;Hub_85;LTL||Current_LTL||LTL_DE_W-DE_W_500;X;75,5100000000;1,0000000000;2,6832996546;78,1932996546;
Supplier_387_Hub_85_LTL||Current_LTL||LTL_BK-DE_W_500;Supplier_387;Hub_85;LTL||Current_LTL||LTL_BK-DE_W_500;X;31,5200000000;1,0000000000;0,1251835579;31,6451835579;
Supplier_6_Hub_83_LTL||Current_LTL||LTL_GB-DE_W_1000;Supplier_6;Hub_83;LTL||Current_LTL||LTL_GB-DE_W_1000;X;215,1307115131;1,0110001011;23,2873740000;238,4180855131;
Supplier_350_Hub_85_LTL||Current_LTL||LTL_PL-DE_W_1000;Supplier_350;Hub_85;LTL||Current_LTL||LTL_PL-DE_W_1000;X;222,9609644941;1,0201828620;29,6703152700;252,6312797641;
Supplier_37_Hub_85_LTL||Current_LTL||LTL_FR_N-DE_W_1000;Supplier_37;Hub_85;LTL||Current_LTL||LTL_FR_N-DE_W_1000;X;77,2653453413;1,2928572721;0,8121728571;78,0775181984;
Supplier_87_Hub_83_LTL||Current_LTL||LTL_DE_W-DE_W_100;Supplier_87;Hub_83;LTL||Current_LTL||LTL_DE_W-DE_W_100;X;75,0654955852;1,0208825729;23,7525321542;98,8180277394;
Supplier_217_Hub_85_LTL||Current_LTL||LTL_DE_W-DE_W_100;Supplier_217;Hub_85;LTL||Current_LTL||LTL_DE_W-DE_W_100;X;58,4700000000;1,0000000000;12,7163307721;71,1863307721;
Supplier_306_Hub_85_LTL||Current_LTL||LTL_CZ-DE_W_500;Supplier_306;Hub_85;LTL||Current_LTL||LTL_CZ-DE_W_500;X;439,5800000000;1,0000000000;154,2416680049;593,8216680049;
Supplier_178_Hub_83_LTL||Current_LTL||LTL_DE_W-DE_W_500;Supplier_178;Hub_83;LTL||Current_LTL||LTL_DE_W-DE_W_500;X;194,2900258308;1,0852978764;16,0365033836;210,3265292144;
Supplier_58_Hub_82_LTL||Current_LTL||LTL_FR_N-ES_1000;Supplier_58;Hub_82;LTL||Current_LTL||LTL_FR_N-ES_1000;X;40,4385346980;1,0000000000;0,0807183673;40,5192530653;
Supplier_32_Hub_82_LTL||Current_LTL||LTL_FR_N-ES_1000;Supplier_32;Hub_82;LTL||Current_LTL||LTL_FR_N-ES_1000;X;42,3641834438;1,0476191524;0,3017142857;42,6658977295;
Supplier_70_Hub_83_LTL||Current_LTL||LTL_DE_W-DE_W_100;Supplier_70;Hub_83;LTL||Current_LTL||LTL_DE_W-DE_W_100;X;19,1800000000;1,0000000000;0,0179859643;19,1979859643;
Supplier_371_Hub_85_LTL||Current_LTL||LTL_UA-DE_W_1500;Supplier_371;Hub_85;LTL||Current_LTL||LTL_UA-DE_W_1500;X;48,3000000000;1,0000000000;1,4103090000;49,7103090000;
Supplier_161_Hub_83_LTL||Current_LTL||LTL_DE_W-DE_W_250;Supplier_161;Hub_83;LTL||Current_LTL||LTL_DE_W-DE_W_250;X;52,8424381414;1,0472143904;2,9823346286;55,8247727700;
Supplier_35_Hub_81_LTL||Current_LTL||LTL_FR_N-GB_1000;Supplier_35;Hub_81;LTL||Current_LTL||LTL_FR_N-GB_1000;X;40,1397137523;1,0000000000;0,0398668800;40,1795806323;
Supplier_31_Hub_82_LTL||Current_LTL||LTL_FR_N-ES_1000;Supplier_31;Hub_82;LTL||Current_LTL||LTL_FR_N-ES_1000;X;40,4385346980;1,0000000000;0,0864000000;40,5249346980;
Supplier_165_Hub_83_LTL||Current_LTL||LTL_DE_W-DE_W_250;Supplier_165;Hub_83;LTL||Current_LTL||LTL_DE_W-DE_W_250;X;153,4903580773;1,0273098058;41,8286267413;195,3189848186;
Supplier_11_Hub_81_LTL||Current_LTL||LTL_GB-GB_100;Supplier_11;Hub_81;LTL||Current_LTL||LTL_GB-GB_100;X;52,4400000000;1,0000000000;0,8307401802;53,2707401802;
Supplier_349_Hub_85_LTL||Current_LTL||LTL_SK-DE_W_1000;Supplier_349;Hub_85;LTL||Current_LTL||LTL_SK-DE_W_1000;X;63,3240115629;1,2826415143;2,7662222991;66,0902338620;
Supplier_18_Hub_82_LTL||Current_LTL||LTL_ES-ES_500;Supplier_18;Hub_82;LTL||Current_LTL||LTL_ES-ES_500;X;141,5476645586;1,0185483526;9,3073616571;150,8550262157;
Supplier_177_Hub_85_LTL||Current_LTL||LTL_DE_W-DE_W_250;Supplier_177;Hub_85;LTL||Current_LTL||LTL_DE_W-DE_W_250;X;94,4600000000;1,0000000000;11,7507346962;106,2107346962;
Supplier_139_Hub_85_LTL||Current_LTL||LTL_DE_W-DE_W_500;Supplier_139;Hub_85;LTL||Current_LTL||LTL_DE_W-DE_W_500;X;35,9000000000;1,0000000000;0,1196571429;36,0196571429;
Supplier_390_Hub_85_LTL||Current_LTL||LTL_CZ-DE_W_250;Supplier_390;Hub_85;LTL||Current_LTL||LTL_CZ-DE_W_250;X;32,2345936996;1,0620953443;0,8278778571;33,0624715568;
Supplier_126_Hub_83_FTL||Supplier_126||Hub_83||FTL_DE_W-DE_W_250;Supplier_126;Hub_83;FTL||Supplier_126||Hub_83||FTL_DE_W-DE_W_250;X;229,5713020873;1,0000000000;174,4324747272;404,0037768144;
Supplier_159_Hub_85_LTL||Current_LTL||LTL_DE_W-DE_W_500;Supplier_159;Hub_85;LTL||Current_LTL||LTL_DE_W-DE_W_500;X;35,9000000000;1,0000000000;0,2712228571;36,1712228571;
Supplier_326_Plant_8_FTL||Supplier_326||Plant_8||FTL_PL-BX_1500;Supplier_326;Plant_8;FTL||Supplier_326||Plant_8||FTL_PL-BX_1500;X;14.406,9142911542;12,3468768273;0,0000000000;14.406,9142911542;
Supplier_247_Plant_15_FTL||Supplier_247||Plant_15||FTL_CZ-DE_W_1000;Supplier_247;Plant_15;FTL||Supplier_247||Plant_15||FTL_CZ-DE_W_1000;X;622,6086183267;1,0000000000;0,0000000000;622,6086183267;
Supplier_122_Plant_3_FTL||Supplier_122||Plant_3||FTL_DE_W-DE_W_250;Supplier_122;Plant_3;FTL||Supplier_122||Plant_3||FTL_DE_W-DE_W_250;X;318,3681110564;1,0000000000;0,0000000000;318,3681110564;
Supplier_314_Plant_18_FTL||Supplier_314||Plant_18||FTL_PL-DE_W_1000;Supplier_314;Plant_18;FTL||Supplier_314||Plant_18||FTL_PL-DE_W_1000;X;776,5023463325;1,4021578081;0,0000000000;776,5023463325;
Supplier_51_Plant_8_FTL||Supplier_51||Plant_8||FTL_BX-BX_250;Supplier_51;Plant_8;FTL||Supplier_51||Plant_8||FTL_BX-BX_250;X;298,9432743451;1,2955340026;0,0000000000;298,9432743451;
Supplier_137_Plant_15_FTL||Supplier_137||Plant_15||FTL_DE_W-DE_W_100;Supplier_137;Plant_15;FTL||Supplier_137||Plant_15||FTL_DE_W-DE_W_100;X;206,4034542858;1,0000000000;0,0000000000;206,4034542858;
Supplier_344_Plant_8_FTL||Supplier_344||Plant_8||FTL_SK-BX_1500;Supplier_344;Plant_8;FTL||Supplier_344||Plant_8||FTL_SK-BX_1500;X;6.283,1232242195;4,4037990896;0,0000000000;6.283,1232242195;
Supplier_326_Plant_18_FTL||Supplier_326||Plant_18||FTL_PL-DE_W_1000;Supplier_326;Plant_18;FTL||Supplier_326||Plant_18||FTL_PL-DE_W_1000;X;3.360,7469469157;5,2244516907;0,0000000000;3.360,7469469157;
Supplier_135_Plant_15_FTL||Supplier_135||Plant_15||FTL_DE_W-DE_W_100;Supplier_135;Plant_15;FTL||Supplier_135||Plant_15||FTL_DE_W-DE_W_100;X;229,1811331189;1,1250000700;0,0000000000;229,1811331189;
Supplier_320_Plant_15_FTL||Supplier_320||Plant_15||FTL_CZ-DE_W_1000;Supplier_320;Plant_15;FTL||Supplier_320||Plant_15||FTL_CZ-DE_W_1000;X;988,6320562663;1,0000000000;0,0000000000;988,6320562663;
Supplier_211_Plant_6_FTL||Supplier_211||Plant_6||FTL_DE_W-DE_W_250;Supplier_211;Plant_6;FTL||Supplier_211||Plant_6||FTL_DE_W-DE_W_250;X;300,2270870341;1,0000000000;0,0000000000;300,2270870341;
Supplier_274_Plant_10_FTL||Supplier_274||Plant_10||FTL_CZ-DE_W_1000;Supplier_274;Plant_10;FTL||Supplier_274||Plant_10||FTL_CZ-DE_W_1000;X;599,9855329851;1,0000000000;0,0000000000;599,9855329851;
Supplier_344_Plant_6_FTL||Supplier_344||Plant_6||FTL_SK-DE_W_1500;Supplier_344;Plant_6;FTL||Supplier_344||Plant_6||FTL_SK-DE_W_1500;X;5.274,6835460605;4,2365703135;0,0000000000;5.274,6835460605;
Supplier_151_Plant_4_FTL||Supplier_151||Plant_4||FTL_DE_W-DE_W_100;Supplier_151;Plant_4;FTL||Supplier_151||Plant_4||FTL_DE_W-DE_W_100;X;173,4463506819;1,3725173213;0,0000000000;173,4463506819;
Supplier_33_Plant_9_FTL||Supplier_33||Plant_9||FTL_FR_N-FR_N_250;Supplier_33;Plant_9;FTL||Supplier_33||Plant_9||FTL_FR_N-FR_N_250;X;414,4790701727;1,0000000000;0,0000000000;414,4790701727;
Supplier_151_Plant_15_FTL||Supplier_151||Plant_15||FTL_DE_W-DE_W_1000;Supplier_151;Plant_15;FTL||Supplier_151||Plant_15||FTL_DE_W-DE_W_1000;X;1.672,3238907057;2,3304170753;0,0000000000;1.672,3238907057;
Supplier_229_Plant_21_FTL||Supplier_229||Plant_21||FTL_DE_W-DE_W_250;Supplier_229;Plant_21;FTL||Supplier_229||Plant_21||FTL_DE_W-DE_W_250;X;1.230,7316853693;4,6071429271;0,0000000000;1.230,7316853693;
Supplier_75_Plant_2_FTL||Supplier_75||Plant_2||FTL_IT-ES_1000;Supplier_75;Plant_2;FTL||Supplier_75||Plant_2||FTL_IT-ES_1000;X;1.142,4923004561;1,0000000000;0,0000000000;1.142,4923004561;
Supplier_122_Plant_5_FTL||Supplier_122||Plant_5||FTL_DE_W-GB_1000;Supplier_122;Plant_5;FTL||Supplier_122||Plant_5||FTL_DE_W-GB_1000;X;1.054,4100761045;1,0000000000;0,0000000000;1.054,4100761045;
Supplier_129_Plant_2_FTL||Supplier_129||Plant_2||FTL_DE_W-ES_1500;Supplier_129;Plant_2;FTL||Supplier_129||Plant_2||FTL_DE_W-ES_1500;X;3.346,7663781251;2,0091793828;0,0000000000;3.346,7663781251;
Supplier_234_Plant_21_FTL||Supplier_234||Plant_21||FTL_DE_W-DE_W_250;Supplier_234;Plant_21;FTL||Supplier_234||Plant_21||FTL_DE_W-DE_W_250;X;205,9220328016;1,0000000000;0,0000000000;205,9220328016;
Supplier_98_Plant_10_FTL||Supplier_98||Plant_10||FTL_DE_W-DE_W_100;Supplier_98;Plant_10;FTL||Supplier_98||Plant_10||FTL_DE_W-DE_W_100;X;189,9068346714;1,0000000000;0,0000000000;189,9068346714;
Supplier_13_Plant_5_FTL||Supplier_13||Plant_5||FTL_GB-GB_500;Supplier_13;Plant_5;FTL||Supplier_13||Plant_5||FTL_GB-GB_500;X;4.369,4332110735;9,4735450435;0,0000000000;4.369,4332110735;
Supplier_280_Plant_4_FTL||Supplier_280||Plant_4||FTL_DE_W-DE_W_1000;Supplier_280;Plant_4;FTL||Supplier_280||Plant_4||FTL_DE_W-DE_W_1000;X;717,9524152528;1,0182996272;0,0000000000;717,9524152528;
Supplier_321_Plant_15_FTL||Supplier_321||Plant_15||FTL_HU-DE_W_1500;Supplier_321;Plant_15;FTL||Supplier_321||Plant_15||FTL_HU-DE_W_1500;X;2.547,1178609349;1,9936577309;0,0000000000;2.547,1178609349;
Supplier_284_Plant_13_FTL||Supplier_284||Plant_13||FTL_CZ-CZ_100;Supplier_284;Plant_13;FTL||Supplier_284||Plant_13||FTL_CZ-CZ_100;X;104,5582648494;1,0000000000;0,0000000000;104,5582648494;
Supplier_239_Plant_10_FTL||Supplier_239||Plant_10||FTL_DE_W-DE_W_500;Supplier_239;Plant_10;FTL||Supplier_239||Plant_10||FTL_DE_W-DE_W_500;X;579,9800565265;1,0000000000;0,0000000000;579,9800565265;
Supplier_330_Plant_10_FTL||Supplier_330||Plant_10||FTL_PL-DE_W_1000;Supplier_330;Plant_10;FTL||Supplier_330||Plant_10||FTL_PL-DE_W_1000;X;964,6294697354;1,0000000000;0,0000000000;964,6294697354;
Supplier_262_Plant_13_FTL||Supplier_262||Plant_13||FTL_CZ-CZ_250;Supplier_262;Plant_13;FTL||Supplier_262||Plant_13||FTL_CZ-CZ_250;X;963,9768814664;5,0827922778;0,0000000000;963,9768814664;
Supplier_271_Plant_4_FTL||Supplier_271||Plant_4||FTL_CZ-DE_W_500;Supplier_271;Plant_4;FTL||Supplier_271||Plant_4||FTL_CZ-DE_W_500;X;531,6556300115;1,0000000000;0,0000000000;531,6556300115;
Supplier_241_Plant_6_FTL||Supplier_241||Plant_6||FTL_CZ-DE_W_500;Supplier_241;Plant_6;FTL||Supplier_241||Plant_6||FTL_CZ-DE_W_500;X;404,5597404958;1,0000000000;0,0000000000;404,5597404958;
Supplier_303_Plant_13_FTL||Supplier_303||Plant_13||FTL_PL-CZ_250;Supplier_303;Plant_13;FTL||Supplier_303||Plant_13||FTL_PL-CZ_250;X;162,9882112218;1,0000000000;0,0000000000;162,9882112218;
Supplier_167_Plant_15_FTL||Supplier_167||Plant_15||FTL_DE_W-DE_W_1000;Supplier_167;Plant_15;FTL||Supplier_167||Plant_15||FTL_DE_W-DE_W_1000;X;1.521,8347341089;2,2194368832;0,0000000000;1.521,8347341089;
Supplier_271_Plant_11_FTL||Supplier_271||Plant_11||FTL_CZ-HU_500;Supplier_271;Plant_11;FTL||Supplier_271||Plant_11||FTL_CZ-HU_500;X;394,5404674078;1,0000000000;0,0000000000;394,5404674078;
Supplier_129_Plant_3_FTL||Supplier_129||Plant_3||FTL_DE_W-DE_W_500;Supplier_129;Plant_3;FTL||Supplier_129||Plant_3||FTL_DE_W-DE_W_500;X;427,1645835085;1,0000000000;0,0000000000;427,1645835085;
Supplier_294_Plant_4_FTL||Supplier_294||Plant_4||FTL_PL-DE_W_1000;Supplier_294;Plant_4;FTL||Supplier_294||Plant_4||FTL_PL-DE_W_1000;X;5.061,4821345991;6,9695974576;0,0000000000;5.061,4821345991;
Supplier_276_Plant_23_FTL||Supplier_276||Plant_23||FTL_CZ-CZ_250;Supplier_276;Plant_23;FTL||Supplier_276||Plant_23||FTL_CZ-CZ_250;X;482,0068533571;2,3472602241;0,0000000000;482,0068533571;
Supplier_14_Plant_5_FTL||Supplier_14||Plant_5||FTL_GB-GB_500;Supplier_14;Plant_5;FTL||Supplier_14||Plant_5||FTL_GB-GB_500;X;2.048,8812885354;4,2365811563;0,0000000000;2.048,8812885354;
Supplier_42_Plant_17_FTL||Supplier_42||Plant_17||FTL_FR_N-FR_N_500;Supplier_42;Plant_17;FTL||Supplier_42||Plant_17||FTL_FR_N-FR_N_500;X;2.414,0697066115;3,2225275425;0,0000000000;2.414,0697066115;
Supplier_42_Plant_9_FTL||Supplier_42||Plant_9||FTL_FR_N-FR_N_250;Supplier_42;Plant_9;FTL||Supplier_42||Plant_9||FTL_FR_N-FR_N_250;X;4.372,7052586586;11,2911376361;0,0000000000;4.372,7052586586;
Supplier_214_Plant_15_FTL||Supplier_214||Plant_15||FTL_DE_W-DE_W_1000;Supplier_214;Plant_15;FTL||Supplier_214||Plant_15||FTL_DE_W-DE_W_1000;X;861,7713404800;1,0000000000;0,0000000000;861,7713404800;
Supplier_102_Plant_15_FTL||Supplier_102||Plant_15||FTL_DE_W-DE_W_500;Supplier_102;Plant_15;FTL||Supplier_102||Plant_15||FTL_DE_W-DE_W_500;X;9.292,6465142550;14,0685225210;0,0000000000;9.292,6465142550;
Supplier_341_Plant_15_FTL||Supplier_341||Plant_15||FTL_RO-DE_W_1500;Supplier_341;Plant_15;FTL||Supplier_341||Plant_15||FTL_RO-DE_W_1500;X;5.194,2826484279;3,4702381652;0,0000000000;5.194,2826484279;
Supplier_304_Plant_18_FTL||Supplier_304||Plant_18||FTL_PL-DE_W_500;Supplier_304;Plant_18;FTL||Supplier_304||Plant_18||FTL_PL-DE_W_500;X;495,3479736779;1,0000000000;0,0000000000;495,3479736779;
Supplier_63_Plant_18_FTL||Supplier_63||Plant_18||FTL_DE_W-DE_W_1000;Supplier_63;Plant_18;FTL||Supplier_63||Plant_18||FTL_DE_W-DE_W_1000;X;2.491,5179454745;3,7166557137;0,0000000000;2.491,5179454745;
Supplier_326_Plant_13_FTL||Supplier_326||Plant_13||FTL_PL-CZ_500;Supplier_326;Plant_13;FTL||Supplier_326||Plant_13||FTL_PL-CZ_500;X;2.804,9589496229;9,0178572129;0,0000000000;2.804,9589496229;
Supplier_130_Plant_4_FTL||Supplier_130||Plant_4||FTL_DE_W-DE_W_250;Supplier_130;Plant_4;FTL||Supplier_130||Plant_4||FTL_DE_W-DE_W_250;X;272,5385262135;1,0000000000;0,0000000000;272,5385262135;
Supplier_374_Plant_15_FTL||Supplier_374||Plant_15||FTL_DE_W-DE_W_1000;Supplier_374;Plant_15;FTL||Supplier_374||Plant_15||FTL_DE_W-DE_W_1000;X;4.158,5909531123;5,7477742342;0,0000000000;4.158,5909531123;
Supplier_197_Plant_15_FTL||Supplier_197||Plant_15||FTL_DE_W-DE_W_250;Supplier_197;Plant_15;FTL||Supplier_197||Plant_15||FTL_DE_W-DE_W_250;X;2.159,3137247202;7,7498979907;0,0000000000;2.159,3137247202;
Supplier_347_Plant_9_FTL||Supplier_347||Plant_9||FTL_RO-FR_N_2000;Supplier_347;Plant_9;FTL||Supplier_347||Plant_9||FTL_RO-FR_N_2000;X;2.082,3656350135;1,1244521412;0,0000000000;2.082,3656350135;
Supplier_322_Plant_22_FTL||Supplier_322||Plant_22||FTL_HU-CZ_1000;Supplier_322;Plant_22;FTL||Supplier_322||Plant_22||FTL_HU-CZ_1000;X;3.625,0416422687;6,6920114900;0,0000000000;3.625,0416422687;
Supplier_122_Plant_8_FTL||Supplier_122||Plant_8||FTL_DE_W-BX_500;Supplier_122;Plant_8;FTL||Supplier_122||Plant_8||FTL_DE_W-BX_500;X;1.260,2383961268;3,1497253447;0,0000000000;1.260,2383961268;
Supplier_248_Plant_15_FTL||Supplier_248||Plant_15||FTL_DE_W-DE_W_1000;Supplier_248;Plant_15;FTL||Supplier_248||Plant_15||FTL_DE_W-DE_W_1000;X;1.292,6133400810;1,5383748896;0,0000000000;1.292,6133400810;
Supplier_26_Plant_9_FTL||Supplier_26||Plant_9||FTL_FR_N-FR_N_1000;Supplier_26;Plant_9;FTL||Supplier_26||Plant_9||FTL_FR_N-FR_N_1000;X;995,9957767207;1,0621425347;0,0000000000;995,9957767207;
Supplier_318_Plant_11_FTL||Supplier_318||Plant_11||FTL_HU-HU_250;Supplier_318;Plant_11;FTL||Supplier_318||Plant_11||FTL_HU-HU_250;X;130,9963710232;1,0000000000;0,0000000000;130,9963710232;
Supplier_210_Plant_18_FTL||Supplier_210||Plant_18||FTL_DE_W-DE_W_250;Supplier_210;Plant_18;FTL||Supplier_210||Plant_18||FTL_DE_W-DE_W_250;X;628,8462759274;2,1961753471;0,0000000000;628,8462759274;
Supplier_170_Plant_4_FTL||Supplier_170||Plant_4||FTL_DE_W-DE_W_100;Supplier_170;Plant_4;FTL||Supplier_170||Plant_4||FTL_DE_W-DE_W_100;X;192,6836190376;1,0000000000;0,0000000000;192,6836190376;
Supplier_313_Plant_10_FTL||Supplier_313||Plant_10||FTL_PL-DE_W_1000;Supplier_313;Plant_10;FTL||Supplier_313||Plant_10||FTL_PL-DE_W_1000;X;4.904,3596575417;5,8921131652;0,0000000000;4.904,3596575417;
Supplier_380_Plant_21_FTL||Supplier_380||Plant_21||FTL_DE_W-DE_W_100;Supplier_380;Plant_21;FTL||Supplier_380||Plant_21||FTL_DE_W-DE_W_100;X;154,1017188894;1,0000000000;0,0000000000;154,1017188894;
Supplier_1_Plant_1_FTL||Supplier_1||Plant_1||FTL_PT-FR_N_2000;Supplier_1;Plant_1;FTL||Supplier_1||Plant_1||FTL_PT-FR_N_2000;X;3.014,0067176588;1,6624202407;0,0000000000;3.014,0067176588;
Supplier_322_Plant_19_FTL||Supplier_322||Plant_19||FTL_HU-CZ_1000;Supplier_322;Plant_19;FTL||Supplier_322||Plant_19||FTL_HU-CZ_1000;X;1.028,9813185849;1,8995519187;0,0000000000;1.028,9813185849;
Supplier_232_Plant_19_FTL||Supplier_232||Plant_19||FTL_DE_W-CZ_100;Supplier_232;Plant_19;FTL||Supplier_232||Plant_19||FTL_DE_W-CZ_100;X;192,4935626010;1,1566772084;0,0000000000;192,4935626010;
Supplier_354_Plant_4_FTL||Supplier_354||Plant_4||FTL_RO-DE_W_1500;Supplier_354;Plant_4;FTL||Supplier_354||Plant_4||FTL_RO-DE_W_1500;X;2.900,4329987995;1,9048057423;0,0000000000;2.900,4329987995;
Supplier_232_Plant_18_FTL||Supplier_232||Plant_18||FTL_DE_W-DE_W_100;Supplier_232;Plant_18;FTL||Supplier_232||Plant_18||FTL_DE_W-DE_W_100;X;86,6150616645;1,0000000000;0,0000000000;86,6150616645;
Supplier_395_Plant_13_FTL||Supplier_395||Plant_13||FTL_PL-CZ_250;Supplier_395;Plant_13;FTL||Supplier_395||Plant_13||FTL_PL-CZ_250;X;447,3077919567;2,5133929271;0,0000000000;447,3077919567;
Supplier_299_Plant_11_FTL||Supplier_299||Plant_11||FTL_PL-HU_500;Supplier_299;Plant_11;FTL||Supplier_299||Plant_11||FTL_PL-HU_500;X;423,6480153484;1,0000000000;0,0000000000;423,6480153484;
Supplier_151_Plant_6_FTL||Supplier_151||Plant_6||FTL_DE_W-DE_W_100;Supplier_151;Plant_6;FTL||Supplier_151||Plant_6||FTL_DE_W-DE_W_100;X;126,5801795842;1,0000000000;0,0000000000;126,5801795842;
Supplier_168_Plant_4_FTL||Supplier_168||Plant_4||FTL_DE_W-DE_W_100;Supplier_168;Plant_4;FTL||Supplier_168||Plant_4||FTL_DE_W-DE_W_100;X;192,7219490609;1,0000000000;0,0000000000;192,7219490609;
Supplier_17_Plant_1_FTL||Supplier_17||Plant_1||FTL_FR_N-FR_N_500;Supplier_17;Plant_1;FTL||Supplier_17||Plant_1||FTL_FR_N-FR_N_500;X;6.598,0054862833;10,3131173540;0,0000000000;6.598,0054862833;
Supplier_264_Plant_4_FTL||Supplier_264||Plant_4||FTL_AT-DE_W_500;Supplier_264;Plant_4;FTL||Supplier_264||Plant_4||FTL_AT-DE_W_500;X;11.846,8857663980;18,2270246789;0,0000000000;11.846,8857663980;
Supplier_264_Plant_15_FTL||Supplier_264||Plant_15||FTL_AT-DE_W_1000;Supplier_264;Plant_15;FTL||Supplier_264||Plant_15||FTL_AT-DE_W_1000;X;3.286,5406987049;2,9511941823;0,0000000000;3.286,5406987049;
Supplier_363_Plant_13_FTL||Supplier_363||Plant_13||FTL_PL-CZ_500;Supplier_363;Plant_13;FTL||Supplier_363||Plant_13||FTL_PL-CZ_500;X;3.247,6692548784;10,3158769841;0,0000000000;3.247,6692548784;
Supplier_301_Plant_10_FTL||Supplier_301||Plant_10||FTL_PL-DE_W_1000;Supplier_301;Plant_10;FTL||Supplier_301||Plant_10||FTL_PL-DE_W_1000;X;786,6456491939;1,0000000000;0,0000000000;786,6456491939;
Supplier_223_Plant_18_FTL||Supplier_223||Plant_18||FTL_DE_W-DE_W_100;Supplier_223;Plant_18;FTL||Supplier_223||Plant_18||FTL_DE_W-DE_W_100;X;650,4728972435;3,3712287698;0,0000000000;650,4728972435;
Supplier_299_Plant_4_FTL||Supplier_299||Plant_4||FTL_PL-DE_W_1000;Supplier_299;Plant_4;FTL||Supplier_299||Plant_4||FTL_PL-DE_W_1000;X;1.487,1294358379;2,1081276961;0,0000000000;1.487,1294358379;
Supplier_281_Plant_11_FTL||Supplier_281||Plant_11||FTL_CZ-HU_500;Supplier_281;Plant_11;FTL||Supplier_281||Plant_11||FTL_CZ-HU_500;X;900,7187613763;2,0109127684;0,0000000000;900,7187613763;
Supplier_8_Plant_2_FTL||Supplier_8||Plant_2||FTL_ES-ES_250;Supplier_8;Plant_2;FTL||Supplier_8||Plant_2||FTL_ES-ES_250;X;358,7421336305;1,0000000000;0,0000000000;358,7421336305;
Supplier_259_Plant_20_FTL||Supplier_259||Plant_20||FTL_CZ-DE_W_500;Supplier_259;Plant_20;FTL||Supplier_259||Plant_20||FTL_CZ-DE_W_500;X;803,4778701181;1,6238024144;0,0000000000;803,4778701181;
Supplier_23_Plant_3_FTL||Supplier_23||Plant_3||FTL_ES-DE_W_2000;Supplier_23;Plant_3;FTL||Supplier_23||Plant_3||FTL_ES-DE_W_2000;X;5.938,6699495906;2,9974817550;0,0000000000;5.938,6699495906;
Supplier_10_Plant_2_FTL||Supplier_10||Plant_2||FTL_ES-ES_250;Supplier_10;Plant_2;FTL||Supplier_10||Plant_2||FTL_ES-ES_250;X;360,3675593566;1,0000000000;0,0000000000;360,3675593566;
Supplier_23_Plant_2_FTL||Supplier_23||Plant_2||FTL_ES-ES_100;Supplier_23;Plant_2;FTL||Supplier_23||Plant_2||FTL_ES-ES_100;X;1.803,3588550300;24,0408163965;0,0000000000;1.803,3588550300;
Supplier_255_Plant_6_FTL||Supplier_255||Plant_6||FTL_DE_W-DE_W_500;Supplier_255;Plant_6;FTL||Supplier_255||Plant_6||FTL_DE_W-DE_W_500;X;586,8784069119;1,0000000000;0,0000000000;586,8784069119;
Supplier_248_Plant_18_FTL||Supplier_248||Plant_18||FTL_DE_W-DE_W_100;Supplier_248;Plant_18;FTL||Supplier_248||Plant_18||FTL_DE_W-DE_W_100;X;202,0801623960;1,0000000000;0,0000000000;202,0801623960;
Supplier_344_Plant_5_FTL||Supplier_344||Plant_5||FTL_SK-GB_2500;Supplier_344;Plant_5;FTL||Supplier_344||Plant_5||FTL_SK-GB_2500;X;12.646,6063170355;5,8209123910;0,0000000000;12.646,6063170355;
Supplier_123_Plant_3_FTL||Supplier_123||Plant_3||FTL_DE_W-DE_W_250;Supplier_123;Plant_3;FTL||Supplier_123||Plant_3||FTL_DE_W-DE_W_250;X;1.763,6903146946;5,2121648172;0,0000000000;1.763,6903146946;
Supplier_216_Plant_6_FTL||Supplier_216||Plant_6||FTL_DE_W-DE_W_250;Supplier_216;Plant_6;FTL||Supplier_216||Plant_6||FTL_DE_W-DE_W_250;X;330,7289290715;1,0000000000;0,0000000000;330,7289290715;
Supplier_110_Plant_15_FTL||Supplier_110||Plant_15||FTL_DE_W-DE_W_250;Supplier_110;Plant_15;FTL||Supplier_110||Plant_15||FTL_DE_W-DE_W_250;X;553,7987686030;2,5183150883;0,0000000000;553,7987686030;
Supplier_275_Plant_18_FTL||Supplier_275||Plant_18||FTL_CZ-DE_W_500;Supplier_275;Plant_18;FTL||Supplier_275||Plant_18||FTL_CZ-DE_W_500;X;1.007,0368867631;2,8704575804;0,0000000000;1.007,0368867631;
Supplier_114_Plant_15_FTL||Supplier_114||Plant_15||FTL_DE_W-DE_W_250;Supplier_114;Plant_15;FTL||Supplier_114||Plant_15||FTL_DE_W-DE_W_250;X;280,3729825044;1,0000000000;0,0000000000;280,3729825044;
Supplier_34_Plant_2_FTL||Supplier_34||Plant_2||FTL_ES-ES_500;Supplier_34;Plant_2;FTL||Supplier_34||Plant_2||FTL_ES-ES_500;X;8.685,2632808911;19,7612780489;0,0000000000;8.685,2632808911;
Supplier_351_Plant_5_FTL||Supplier_351||Plant_5||FTL_PL-GB_2500;Supplier_351;Plant_5;FTL||Supplier_351||Plant_5||FTL_PL-GB_2500;X;2.074,8025634041;1,0000000000;0,0000000000;2.074,8025634041;
Supplier_357_Plant_13_FTL||Supplier_357||Plant_13||FTL_MD-CZ_1500;Supplier_357;Plant_13;FTL||Supplier_357||Plant_13||FTL_MD-CZ_1500;X;1.491,7863306501;1,4671989389;0,0000000000;1.491,7863306501;
Supplier_19_Plant_2_FTL||Supplier_19||Plant_2||FTL_ES-ES_250;Supplier_19;Plant_2;FTL||Supplier_19||Plant_2||FTL_ES-ES_250;X;423,0347804878;1,5648751943;0,0000000000;423,0347804878;
Supplier_122_Plant_15_FTL||Supplier_122||Plant_15||FTL_DE_W-DE_W_250;Supplier_122;Plant_15;FTL||Supplier_122||Plant_15||FTL_DE_W-DE_W_250;X;557,3159684240;1,9113452812;0,0000000000;557,3159684240;
Supplier_25_Plant_2_FTL||Supplier_25||Plant_2||FTL_ES-ES_100;Supplier_25;Plant_2;FTL||Supplier_25||Plant_2||FTL_ES-ES_100;X;343,3972366196;3,2467533168;0,0000000000;343,3972366196;
Supplier_268_Plant_6_FTL||Supplier_268||Plant_6||FTL_DE_W-DE_W_500;Supplier_268;Plant_6;FTL||Supplier_268||Plant_6||FTL_DE_W-DE_W_500;X;679,1946792438;1,0000000000;0,0000000000;679,1946792438;
Supplier_87_Plant_4_FTL||Supplier_87||Plant_4||FTL_DE_W-DE_W_500;Supplier_87;Plant_4;FTL||Supplier_87||Plant_4||FTL_DE_W-DE_W_500;X;547,6452326286;1,2587512147;0,0000000000;547,6452326286;
Supplier_326_Plant_5_FTL||Supplier_326||Plant_5||FTL_PL-GB_2000;Supplier_326;Plant_5;FTL||Supplier_326||Plant_5||FTL_PL-GB_2000;X;5.151,9633133742;2,8754457557;0,0000000000;5.151,9633133742;
Supplier_42_Plant_16_FTL||Supplier_42||Plant_16||FTL_FR_N-FR_N_500;Supplier_42;Plant_16;FTL||Supplier_42||Plant_16||FTL_FR_N-FR_N_500;X;9.376,4185394780;12,5120736938;0,0000000000;9.376,4185394780;
Supplier_207_Plant_4_FTL||Supplier_207||Plant_4||FTL_DE_W-DE_W_250;Supplier_207;Plant_4;FTL||Supplier_207||Plant_4||FTL_DE_W-DE_W_250;X;2.382,3056405973;6,6142113795;0,0000000000;2.382,3056405973;
Supplier_323_Plant_11_FTL||Supplier_323||Plant_11||FTL_HU-HU_100;Supplier_323;Plant_11;FTL||Supplier_323||Plant_11||FTL_HU-HU_100;X;96,3840861771;1,0000000000;0,0000000000;96,3840861771;
Supplier_333_Plant_22_FTL||Supplier_333||Plant_22||FTL_PL-CZ_1000;Supplier_333;Plant_22;FTL||Supplier_333||Plant_22||FTL_PL-CZ_1000;X;476,5910344159;1,0000000000;0,0000000000;476,5910344159;
Supplier_269_Plant_13_FTL||Supplier_269||Plant_13||FTL_CZ-CZ_250;Supplier_269;Plant_13;FTL||Supplier_269||Plant_13||FTL_CZ-CZ_250;X;146,3216120607;1,0000000000;0,0000000000;146,3216120607;
Supplier_132_Plant_15_FTL||Supplier_132||Plant_15||FTL_DE_W-DE_W_500;Supplier_132;Plant_15;FTL||Supplier_132||Plant_15||FTL_DE_W-DE_W_500;X;2.167,2915533545;4,8515377684;0,0000000000;2.167,2915533545;
Supplier_232_Plant_21_FTL||Supplier_232||Plant_21||FTL_DE_W-DE_W_250;Supplier_232;Plant_21;FTL||Supplier_232||Plant_21||FTL_DE_W-DE_W_250;X;282,3453291708;1,0650112307;0,0000000000;282,3453291708;
Supplier_42_Plant_1_FTL||Supplier_42||Plant_1||FTL_FR_N-FR_N_100;Supplier_42;Plant_1;FTL||Supplier_42||Plant_1||FTL_FR_N-FR_N_100;X;4.897,4454019466;20,5567766268;0,0000000000;4.897,4454019466;
Supplier_258_Plant_18_FTL||Supplier_258||Plant_18||FTL_DE_W-DE_W_100;Supplier_258;Plant_18;FTL||Supplier_258||Plant_18||FTL_DE_W-DE_W_100;X;209,7386501736;1,0000000000;0,0000000000;209,7386501736;
Supplier_312_Plant_4_FTL||Supplier_312||Plant_4||FTL_PL-DE_W_1000;Supplier_312;Plant_4;FTL||Supplier_312||Plant_4||FTL_PL-DE_W_1000;X;4.388,7076164330;5,5361608254;0,0000000000;4.388,7076164330;
