Results from runnning alns on input file instance Ord_4_Veh_3_Loc_7

Instance,Initial_Obj,Best_Obj,Run_Time
Ord_4_Veh_3_Loc_7_20_Ord_10_Veh_11_Loc_,1811117.178340292,7269.460796025942,0.264374271

Best Solution found,17,17,11,11,18,18,0,0,0,15,15,0,14,14,2,2,0,0,9,16,19,19,9,16,13,13,0,20,7,20,3,8,3,8,5,5,7,0,12,10,12,1,10,1,0,6,4,4,6,0
Iteration found:,8523

Results from runnning alns on input file instance Ord_4_Veh_3_Loc_7

Instance,Initial_Obj,Best_Obj,Run_Time
Ord_4_Veh_3_Loc_7_20_Ord_10_Veh_11_Loc_,1306426.8894563548,9950.453365842264,0.115127318

Best Solution found,15,15,4,14,4,14,0,3,12,12,3,0,11,11,0,1,2,2,1,0,8,8,0,9,16,10,10,16,9,0,17,17,0,6,6,0,13,13,5,19,19,5,0,20,7,18,7,20,18,0
Iteration found:,7730

Results from runnning alns on input file instance Ord_4_Veh_3_Loc_7

Instance,Initial_Obj,Best_Obj,Run_Time
Ord_4_Veh_3_Loc_7_20_Ord_10_Veh_11_Loc_,1728833.2271285858,20204.172708854083,0.144447504

Best Solution found,15,11,15,11,0,19,19,10,10,0,14,14,5,5,12,12,0,18,8,3,3,18,8,0,17,17,9,9,0,6,6,0,2,20,2,20,0,1,1,0,13,16,16,13,0,4,7,7,4,0
Iteration found:,9655

Results from runnning alns on input file instance Ord_4_Veh_3_Loc_7

Instance,Initial_Obj,Best_Obj,Run_Time
Ord_4_Veh_3_Loc_7_20_Ord_10_Veh_11_Loc_,1637536.8332213243,9749.574673086625,0.117703208

Best Solution found,20,20,0,16,16,9,9,0,17,19,19,17,11,11,0,3,3,14,14,0,6,6,0,12,12,18,18,1,1,5,5,0,15,15,10,10,0,2,8,2,8,0,7,7,0,13,4,13,4,0
Iteration found:,4430

Results from runnning alns on input file instance Ord_4_Veh_3_Loc_7

Instance,Initial_Obj,Best_Obj,Run_Time
Ord_4_Veh_3_Loc_7_20_Ord_10_Veh_11_Loc_,2199010.5376433595,136541.0571289406,0.092120863

Best Solution found,1,1,0,5,5,0,19,16,19,16,0,8,17,17,8,0,14,13,14,13,0,10,10,0,15,9,9,15,0,18,4,4,18,20,20,0,7,6,7,6,0,11,2,11,2,0,3,3,12,12
Iteration found:,5857

