#this file contains a solution for RobuNet Instances comments are marked with '#';
### BEGIN:comments from parsed instance file ###
#created_on;17.07.2014 at 11:52 ;;
#vista_project;H_Auto_1;;
#network;05_00_Modell;;
#basis_for_loading_meter_calculation;Mega;;
#basis_for_distance_calculation;air distance;;
#distance_factor;120,00%;;
#File-specifier;Scenario-name;CSV File;#description
### END: comments from parsed instance file ###

#time of solution creation
#$date;Wed Mar  4 22:03:55 2015

$solution_name;H_Auto_1_5Hubs_minFlow_rmls_rlsa_tl3600_nnh_t35_lTr_ttU_eK100_idc_nMH3
#number encoding (default should be de)
$language;de
$model;H_Auto_1_5Hubs_minFlow
$minimal_frequency;1,0/w

#
#$linearize;True
#
#comments of partition 0
#
#
#comments of partition 0
#
#
#$root-LP-bound; 332878.829794
#
#$lower-MIP-bound; 332878.829794
#
#$upper-MIP-bound; 333104.088114
#
#$MIP-gap; 1.000677
#
#
#$set_up_filename;H_Auto_1_3aus5Hubs_minFlow_set_up.csv
#$hubs_allowed;3

#solution status (infeasible, feasible,  unknown)
$solution_status;feasible

#computed costs of this solution 
$handling_costs;1,13534161623868e+04
$storage_costs;0,00000000000000e+00
$fix_costs;0,00000000000000e+00
$transport_costs;3,23234193964085e+05
#$transport_costs_ftl;2,74697675541794e+05
#$transport_costs_ltl;4,85365184222905e+04
$total_costs;3,34587610126472e+05
#$linear_costs;3,34587610126472e+05
#$integer_costs;3,69248801686437e+05
#$mip_costs;3,34810999403515e+05
#solver that created this solution (should be uniqe when comparing to other solvers)
$solver;rmls_rlsa_tl3600_nnh_t35_lTr_ttU_eK100_idc_nMH3
$time;4,29900000000000e+01
#
$paths;H_Auto_1_5Hubs_minFlow_rmls_rlsa_tl3600_nnh_t35_lTr_ttU_eK100_idc_nMH3_paths.csv
#
$transports;H_Auto_1_5Hubs_minFlow_rmls_rlsa_tl3600_nnh_t35_lTr_ttU_eK100_idc_nMH3_transports.csv
#
### ALGORITHM STEPS ###
#;step name ;runtime ;total cost (lin.) ;total cost (int.) ;transport cost (int.) ;transport cost (int.) ;handling cost ;storage cost 
# $step;parsing;1,05600000000000e+01;-;-;-;-;-;-
# $step;aggregate commodities;1,30000000000000e-01;-;-;-;-;-;-
# $step;preprocess direct connections;1,00000000000000e-02;-;-;-;-;-;-
# $step;compute flow bounds;3,00000000000000e-02;-;-;-;-;-;-
# $step;compute flow bounds;1,27000000000000e+00;-;-;-;-;-;-
# $step;compute property flow bounds;5,00000000000000e-02;-;-;-;-;-;-
# $step;compute incremental tariff representation;1,59000000000000e+00;-;-;-;-;-;-
# $step;augmental init solver rmls on partition 0 from [ 0 ];2,89300000000000e+01;-;-;-;-;-;-
# $step;improvement solver rlsa on full instance;2,00000000000000e-02;-;-;-;-;-;-
# $step;improvement solver rlsa on full instance;4,00000000000000e-01;-;-;-;-;-;-
#
### USED HUBS ###
# $hub; Hub_82;44
# $hub; Hub_83;263
# $hub; Hub_85;373
$hubs_used;3
$average_integer_costs;3,582345e+05
